latitude,longitude,x,y,distance from center,rents,number of rents
55.65604150779653,12.532133404349382,5294473.4627688285,1809459.4950040753,5992.495306631284,[13662173],1
55.660221988589214,12.531364643604997,5295073.4627688285,1809459.4950040753,5840.37670017936,[0],0
55.66440219225735,12.530595863406656,5295673.4627688285,1809459.4950040753,5747.173218200227,[0],0
55.66858211879791,12.529827063771835,5296273.4627688285,1809459.4950040753,5715.7676649771165,"[1891808, 28650474]",2
55.67276176820783,12.529058244718021,5296873.4627688285,1809459.4950040753,5747.173218200227,[0],0
55.67694114048407,12.528289406262669,5297473.4627688285,1809459.4950040753,5840.37670017936,[45576954],1
55.6811202356236,12.52752054842327,5298073.4627688285,1809459.4950040753,5992.495306631284,"[12143439, 15593142, 16892167, 38481278, 41080457, 41736734]",6
55.65044800329923,12.536843787421288,5293573.4627688285,1809979.1102463459,5855.7663887829085,"[4690553, 24234369, 37469229]",3
55.6546289149068,12.536074830856133,5294173.4627688285,1809979.1102463459,5604.462507680789,"[1582799, 1848679, 4919358, 5914912, 13194503, 13948943, 14344532, 19657416, 21238447, 23620883, 25569978, 26113199, 28749082, 31166504, 33161883, 33712293, 34935940, 35272576, 37351407, 37394076, 41057543, 41287103]",22
55.65880954937899,12.535305854806394,5294773.4627688285,1809979.1102463459,5408.32691319595,"[22579387, 30935512, 37796203, 41606278]",4
55.66298990671275,12.534536859289556,5295373.4627688285,1809979.1102463459,5273.518749374049,"[24816692, 42508423, 43338450]",3
55.66716998690501,12.533767844323108,5295973.4627688285,1809979.1102463459,5204.8054718692065,"[604254, 11853858, 34087027, 37288225, 42358426]",5
55.671349789952735,12.532998809924528,5296573.4627688285,1809979.1102463459,5204.8054718692065,"[1205386, 1335948, 1349276, 6885389, 8396926, 12878581, 13276961, 36045205, 36781822]",9
55.67552931585288,12.532229756111303,5297173.4627688285,1809979.1102463459,5273.518749374049,"[1094502, 5783060, 16127663, 17682765, 26895700, 35856476, 42349446]",7
55.679708564602414,12.5314606829009,5297773.4627688285,1809979.1102463459,5408.32691319595,"[862862, 2053949, 14396397, 24106838, 33191527, 35897125, 36460710, 40247841]",8
55.683887536198306,12.5306915903108,5298373.4627688285,1809979.1102463459,5604.462507680789,"[655146, 4697213, 5125512, 10404200, 12997812, 14888189, 15251186, 24168717, 24790719, 25024544, 25795163, 26094165, 29675299, 34441415, 35373367, 36109943, 36748015, 43167431, 44022664, 44604688, 45328789, 45887963]",22
55.68806623063753,12.529922478358474,5298973.4627688285,1809979.1102463459,5855.7663887829085,"[1162390, 2323747, 2894537, 3228691, 3474327, 3893913, 6942666, 6994656, 7068667, 12487263, 16627202, 23988750, 25362318, 26330794, 27605103, 31369402, 32118160, 35815597, 36130831, 36664680, 39263296, 40335467, 40557308, 41143836, 41828929, 42186492, 43896613, 48179453]",28
55.64485403767535,12.541554764861006,5292673.4627688285,1810498.7254886166,5901.694671871702,[41715572],1
55.64903538013953,12.54078561252401,5293273.4627688285,1810498.7254886166,5556.077753235535,[0],0
55.65321644545748,12.54001644067177,5293873.4627688285,1810498.7254886166,5256.424640380458,"[2931982, 25907613, 32735210, 36665910, 36747781, 43553133, 43687636]",7
55.65739723362616,12.539247249321802,5294473.4627688285,1810498.7254886166,5010.987926546903,"[6724434, 24612519, 24762250, 24867387, 30704212, 35693463, 35693472, 37760450, 45197922, 45522651]",10
55.661577744642486,12.538478038491588,5295073.4627688285,1810498.7254886166,4828.043081829203,"[5909603, 14736665]",2
55.665757978503414,12.537708808198618,5295673.4627688285,1810498.7254886166,4714.870093650389,"[646208, 1335834, 3140649, 11650610, 15531073, 25411342, 25428288, 31190767, 33803630, 38966772, 39997401, 43454129, 44026551, 45086180, 47419174]",15
55.6699379352059,12.536939558460382,5296273.4627688285,1810498.7254886166,4676.537180435844,"[444974, 6980594, 6995737, 7731521, 11357993, 16867178, 18308867, 18474104, 19561679, 27478136, 29232727, 29627657, 33676437, 34240455, 35765195, 38844661, 42448740, 43160218]",18
55.6741176147469,12.536170289294379,5296873.4627688285,1810498.7254886166,4714.870093650389,"[4322827, 6594321, 9499979, 11945965, 19428882, 23786991, 25103794, 28624823, 29129125, 34633440, 35836710, 37480944, 44059005, 44853423]",14
55.67829701712335,12.535401000718071,5297473.4627688285,1810498.7254886166,4828.043081829203,"[1152624, 1485924, 3151652, 10776865, 11460434, 13387468, 13590750, 13710505, 15348615, 18911044, 19115574, 19135006, 19136224, 19143595, 19577106, 21348400, 23779547, 24882192, 38579862, 43072818, 43073032, 43073376, 45935202, 46718112, 48193117]",25
55.68247614233227,12.534631692748956,5298073.4627688285,1810498.7254886166,5010.987926546903,"[459719, 678070, 1343522, 2054312, 2833793, 4268440, 6343215, 6440250, 10761153, 12079287, 12596926, 14610294, 15446308, 16878297, 17551486, 17966608, 20825540, 22982530, 24941415, 25612373, 26646859, 26870042, 27179407, 28899575, 29248812, 34971657, 37560758, 40084755, 41902799, 42145760, 42835073, 43822485, 46257141, 46431523]",34
55.686654990370606,12.533862365404506,5298673.4627688285,1810498.7254886166,5256.424640380458,"[69440, 154529, 1373721, 3517266, 5350998, 6534909, 7250850, 10004801, 12510490, 13638417, 14589954, 15490405, 18038824, 19202099, 19409984, 19621089, 23479272, 25314010, 29579207, 30118874, 30582942, 31215373, 32214259, 33236648, 34084458, 34712570, 36632719, 37176179, 37643000, 39519552, 43956177, 43983726, 44605294, 44607828, 45310125]",35
55.69083356123534,12.53309301870219,5299273.4627688285,1810498.7254886166,5556.077753235535,"[1722815, 3078821, 7728902, 11278198, 15548678, 16712804, 17362284, 18389076, 19152005, 19582694, 19843061, 22318282, 22955442, 24939210, 25200915, 27349431, 32558456, 36965158, 39376997, 42265529, 43776513, 43916532, 44085071, 46304888]",24
55.69501185492348,12.532323652659489,5299873.4627688285,1810498.7254886166,5901.694671871702,"[3249158, 3316790, 3397700, 8527630, 9539627, 13756372, 17337761, 19030871, 20045504, 21106546, 28404042, 39284065, 46000615]",13
55.64344138419475,12.54549698852452,5292373.4627688285,1811018.3407308871,5700.000000000014,[45100978],1
55.64762288040022,12.544727620918732,5292973.4627688285,1811018.3407308871,5307.5418038862545,"[14778763, 17726359, 26743411]",3
55.65180409944554,12.543958233784549,5293573.4627688285,1811018.3407308871,4956.813492557507,"[2937773, 11112867, 12422371, 13279240, 15208812, 20429252, 26056264, 27362156, 31682837, 38455539, 39827989, 44114537]",12
55.65598504132766,12.543188827139467,5294173.4627688285,1811018.3407308871,4657.252408878024,[0],0
55.660165706043536,12.542419401000988,5294773.4627688285,1811018.3407308871,4419.275958796888,[0],0
55.66434609359009,12.541649955386616,5295373.4627688285,1811018.3407308871,4253.234063627366,"[1087735, 2718769, 2813447, 2860499, 3465989, 3989926, 4145869, 5450216, 5483761, 5984123, 6462589, 7240123, 10363803, 12787629, 13598972, 18249670, 19823550, 20596830, 28889419, 30265606, 30549031, 36249438, 37653914, 40410161, 43799672, 43881775, 45681813, 47752306]",28
55.66852620396428,12.540880490313837,5295973.4627688285,1811018.3407308871,4167.73319683496,"[279685, 487549, 1402312, 2821219, 2873656, 3269458, 3280497, 3378645, 7347043, 7673680, 7803676, 10461863, 11883327, 13697490, 13779086, 14764346, 16081665, 19995819, 22188822, 22695408, 23520246, 25258342, 26745504, 30040575, 30713414, 31440718, 32234782, 32325927, 34019767, 35346809, 35676324, 35762532, 36468093, 38843565, 39337362, 39827809, 41334436, 43525727, 43881333, 43977749, 44424799, 44717186, 45075583, 45146502, 45660942, 46082766]",46
55.67270603716306,12.540111005800147,5296573.4627688285,1811018.3407308871,4167.73319683496,"[519297, 1153562, 2640839, 4948528, 5177875, 7099649, 7690276, 7787976, 11597208, 12118801, 15659737, 18013633, 19108606, 26184089, 33210368, 34107669, 34241044, 35176228, 35297865, 35938872, 36751279, 37715720, 38713191, 43166638, 43949205, 45199036, 45529125, 46119900]",28
55.6768855931834,12.539341501863044,5297173.4627688285,1811018.3407308871,4253.234063627366,"[533060, 599604, 1111683, 1184515, 2015941, 3036617, 3977491, 3980777, 4024293, 4132033, 4241153, 4383034, 5616367, 5645130, 6192147, 9567975, 9861210, 16239323, 19148761, 25406376, 26742948, 29622304, 39376564, 41255511, 42686052, 43555310, 43799736, 45732158, 47040847, 47821137]",30
55.681064872022276,12.53857197852,5297773.4627688285,1811018.3407308871,4419.275958796888,"[355841, 5527261, 8640322, 13677697, 15868812, 18117636, 35511097]",7
55.685243873676654,12.537802435788512,5298373.4627688285,1811018.3407308871,4657.252408878024,"[560719, 735068, 1120682, 1593097, 1742116, 1917384, 2667266, 3327122, 4179112, 7585628, 7929987, 10138740, 13374418, 22082408, 23557590, 23818105, 25594533, 35828606, 36510716, 39849627, 40170068]",21
55.68942259814351,12.537032873686055,5298973.4627688285,1811018.3407308871,4956.813492557507,"[369967, 1232246, 2182607, 10505269, 16332202, 21011531, 26473492, 32521671, 33367749, 34427942, 38282155, 43332372, 43989295, 44238597]",14
55.69360104541986,12.536263292230116,5299573.4627688285,1811018.3407308871,5307.5418038862545,"[2192124, 2425258, 3417214, 16127015, 20854063, 25766954, 28431995, 28479670, 30167141, 34075457, 38149804, 44367443]",12
55.69777921550267,12.53549369143816,5300173.4627688285,1811018.3407308871,5700.000000000014,"[553888, 818170, 2642090, 3819981, 4530516, 5567723, 8501658, 18784462, 22009173, 24534235, 27955430, 29626001, 31579721, 34609737, 35436045, 36070031, 38406985, 38724941, 39249481, 40341229, 41165653, 43340973, 43880271]",23
55.64202885411449,12.549439395463153,5292073.4627688285,1811537.955973158,5556.077753235593,[44176545],1
55.64621050407821,12.548669812593715,5292673.4627688285,1811537.955973158,5117.616632769544,"[454064, 884518, 1143491, 2487302, 6726526, 7254481, 15046056, 15211189, 16419704, 20128974, 20811551, 20811771, 22854447, 23817549, 24073200, 24999085, 28073774, 28808408, 30160038, 30160047, 31346247, 32127762, 34612877, 34676024, 36580531, 36688058, 36761656, 36933054, 39197881, 39222057, 39744996, 40441970, 41753951, 41920314, 42878144, 43389243, 44255945, 46001608, 47106650, 47469577, 48163163]",41
55.65039187686789,12.547900210182704,5293273.4627688285,1811537.955973158,4714.870093650458,"[3586658, 4802435, 9972307, 11247498, 13725163, 15698932, 30160056, 32609989, 32854382, 33713473, 39515193, 46185205]",12
55.65457297248045,12.547130588247635,5293873.4627688285,1811537.955973158,4357.751713900126,"[19508748, 19665137, 21437943, 21943603, 21993668, 26249929, 27305814, 39199507, 40201658, 48232431]",10
55.65875379091283,12.546360946806011,5294473.4627688285,1811537.955973158,4058.324777540541,[1025486],1
55.662934332161974,12.545591285875345,5295073.4627688285,1811537.955973158,3830.143600441044,"[173032, 601612, 6400706, 7096887, 9618382, 11897284, 15554875, 16911769, 18516260, 19559822, 19629107, 20049049, 21269155, 22668579, 23492228, 24339122, 24746456, 25574743, 26743157, 27801239, 28075676, 29156169, 34797576, 35873227, 35998823, 38700482, 40608144, 41576886, 42033111]",29
55.667114596224835,12.544821605473132,5295673.4627688285,1811537.955973158,3686.461718233282,"[155068, 182227, 575705, 667842, 675397, 720038, 1094830, 1112645, 1312680, 1514687, 1591147, 1601047, 2736658, 2812158, 2819470, 3187050, 4426486, 4854777, 5659371, 6658386, 7214343, 7833813, 8049181, 10820240, 11321451, 14584747, 15978598, 17264086, 17898146, 18221906, 18504919, 19636768, 20002449, 20259741, 21661752, 22419673, 22939538, 23144015, 23755301, 24614609, 25348868, 28859539, 31100195, 31305280, 32570898, 32816116, 33331861, 33445827, 33869554, 34259423, 34777707, 35485479, 36157765, 36287817, 36328120, 36474310, 36903867, 37704280, 38054924, 38420456, 38715604, 39665388, 40421255, 41495893, 41803903, 42342230, 42630337, 43266945, 43994074]",69
55.671294583098366,12.544051905616874,5296273.4627688285,1811537.955973158,3637.306695894571,"[312803, 876114, 920846, 926867, 1004613, 1128462, 1205467, 1533478, 2049618, 2430907, 2693890, 3144315, 3327769, 3840168, 4733983, 5683108, 5743549, 6751352, 7233388, 8138658, 10421213, 11153864, 11674733, 13186622, 13651354, 16762992, 17649256, 18372558, 19856476, 20488693, 20661849, 20768077, 21066632, 21221666, 21969498, 22608408, 23923725, 24709492, 25197854, 26328502, 26732072, 26743439, 27502949, 28142105, 28550737, 28662621, 29273059, 30339729, 30342707, 30979923, 33212809, 33895003, 35344867, 35755585, 36129188, 36203815, 36258348, 36296844, 36899644, 38423705, 38889407, 39767990, 39812161, 41228450, 41363580, 41772100, 42185841, 43201798, 43534209, 43670616, 43855746, 43949924, 44320422, 45162520, 45218640, 45320981, 45452128, 46086646, 46240482, 47147316]",80
55.67547429277953,12.543282186324062,5296873.4627688285,1811537.955973158,3686.461718233282,"[2324595, 2774125, 6512573, 6842262, 10398128, 10820966, 12318211, 12633395, 13077959, 22998242, 26296321, 26635555, 26742744, 27874060, 37012469, 40018898, 40337337, 45699998]",18
55.6796537252653,12.542512447612193,5297473.4627688285,1811537.955973158,3830.143600441044,[1306978],1
55.68383288055266,12.541742689498758,5298073.4627688285,1811537.955973158,4058.324777540541,"[1105487, 3159778, 3286018, 3678040, 3863946, 10585180, 11525928, 13138021, 14371623, 15798192, 29540518, 32519952, 37795030]",13
55.688011758638574,12.540972912001243,5298673.4627688285,1811537.955973158,4357.751713900126,"[157093, 1782923, 7737773, 12336973, 16187097, 21247533, 21834526, 23532352, 26440577, 31114095, 33758238, 34050958, 36689931, 39066583, 40287293, 42437312, 44073113, 44367193, 45770553]",19
55.69219035952005,12.540203115137139,5299273.4627688285,1811537.955973158,4714.870093650458,"[1680610, 6775182, 7204874, 8585263, 8850565, 16248647, 21352351, 25438438, 25976616, 27250173, 31273656, 38069132, 41993855, 44160321]",14
55.696368683194066,12.539433298923923,5299873.4627688285,1811537.955973158,5117.616632769544,"[2062148, 3226243, 3598715, 4266586, 6488736, 6605918, 7089268, 7157345, 8518289, 9770320, 9922581, 10171119, 10265745, 11014124, 11170879, 12526700, 14033038, 14274260, 16501631, 17690373, 17913193, 17922907, 17931706, 18686581, 19118422, 22736961, 23393947, 24303592, 25421607, 26699386, 27328116, 30809041, 32840963, 33195654, 35101250, 36625838, 37586310, 37700625, 38442355, 38519712, 38724221, 39169027, 39169587, 39247966, 39545538, 41094641, 41232828, 41907728, 41921156, 42630376, 42798682, 44102088, 44201874, 44204208, 44369943, 44384571, 45066856]",57
55.70054672965763,12.538663463379082,5300473.4627688285,1811537.955973158,5556.077753235593,"[2624948, 4438632, 4684691, 6619063, 7817067, 8127506, 21560168, 22177823, 22623087, 24974894, 26175084, 26944436, 27520725, 27564131, 28747684, 29124014, 30915997, 31895105, 32558440, 34462473, 37987222, 38542262, 39053728, 40367608, 40757257, 41879797, 44337676]",27
55.636434366507586,12.554151764220844,5291173.4627688285,1812057.5712154286,5977.457653551299,[0],0
55.64061644743148,12.553381985665142,5291773.4627688285,1812057.5712154286,5474.4862772683055,"[663908, 1249792, 6455772, 43996259]",4
55.644798251170464,12.55261218753718,5292373.4627688285,1812057.5712154286,4992.995093127871,"[1239567, 2584625, 3337522, 6555380, 7455698, 7849626, 8839071, 9132109, 16211259, 16875549, 16977684, 18351149, 19983210, 21548606, 23710681, 26674573, 26675855, 33091906, 36780793, 39863230, 45392511, 47106638]",22
55.64897977772149,12.551842369854478,5292973.4627688285,1812057.5712154286,4539.823785126356,"[7384502, 18015563, 23502204, 24837284, 26353344, 26528638, 27108797, 29836499, 30160003, 30160004, 30160006, 30160009, 30454479, 32763687, 36298651, 38096770, 38338898, 39068982, 40691262, 41208432, 42431469, 43403775, 44136037, 44304073, 44394518, 45167081, 46956246, 46956251, 46956305, 47016973, 47106642, 47106643, 47106644, 47106648, 47106649, 47106654, 47914594]",37
55.65316102708146,12.551072532634548,5293573.4627688285,1812057.5712154286,4124.318125460134,"[14737983, 20145850, 21438002, 32493781, 36969673, 40658209, 46744783, 48205076]",8
55.65734199924732,12.55030267589491,5294173.4627688285,1812057.5712154286,3758.989225842367,"[18626626, 27539326, 41741592, 42595659]",4
55.66152269421603,12.549532799653061,5294773.4627688285,1812057.5712154286,3459.7687784010936,"[598042, 16980928]",2
55.665703111984534,12.548762903926521,5295373.4627688285,1812057.5712154286,3244.996147917436,"[158241, 548124, 586830, 604630, 623736, 734411, 927228, 968279, 1120755, 1301100, 1447880, 2080392, 3682286, 3893530, 3901695, 4242766, 4822544, 5322719, 5350736, 5647043, 5800324, 5853461, 5972938, 6127332, 6380148, 6833963, 7467900, 7497390, 8025567, 8350153, 9010855, 9503009, 9805595, 10209326, 10250003, 11156462, 11252510, 11672091, 12339637, 12823067, 12976553, 12999797, 13243745, 14163546, 14174219, 14580475, 14837501, 14839559, 14925225, 15406577, 16066118, 16767836, 17898565, 18136094, 18230983, 18644649, 19850804, 21065088, 22041803, 22570616, 24198301, 24776123, 24899182, 25261246, 25451963, 25856071, 26319018, 26331074, 26743689, 27930316, 28305990, 29294502, 31010297, 32325383, 33211487, 34072402, 34498111, 35081964, 35490458, 35953127, 36248158, 36325654, 36858482, 36953440, 37278849, 37787240, 38185925, 39268216, 39725902, 40006971, 42535748, 42594541, 42632463, 42769105, 42775616, 42790035, 43639198, 45414966, 45742718, 45872934, 46385711, 46540334, 47864600]",103
55.669883252549766,12.547992988732794,5295973.4627688285,1812057.5712154286,3132.091952673005,"[60048, 171546, 176963, 186454, 339126, 521856, 585522, 947057, 995794, 1097273, 1167176, 1293663, 1746070, 1753637, 1946357, 1983530, 2065477, 3391496, 3754538, 3866416, 4433380, 5579562, 5742905, 5930007, 5970121, 6352503, 6650063, 6650539, 6667489, 6910666, 7409384, 7413670, 7497962, 7657846, 7853704, 8184428, 8562303, 8702822, 8737105, 9770537, 11154032, 11725931, 12902283, 13350170, 13463202, 13697482, 13868189, 13929787, 13952393, 14037316, 14080873, 15170369, 15317383, 15319858, 17621632, 17675744, 18118374, 18505035, 19497726, 19696796, 20784524, 21118718, 21408361, 24374283, 25159565, 25942883, 26528022, 26742982, 26775780, 27035218, 30701833, 31396804, 31410298, 32479285, 33536364, 34085126, 34109221, 34696086, 35047859, 35868468, 36221729, 36256882, 37002689, 37386221, 38251031, 38810565, 39648274, 39983174, 40616501, 41129999, 41783367, 42128121, 42136485, 42367701, 42683277, 43244874, 43875247, 44146534, 44161020, 44568277, 45897284, 46094074, 46576467, 48297171]",104
55.67406311590872,12.547223054089379,5296573.4627688285,1812057.5712154286,3132.091952673005,"[1038484, 1062202, 1226593, 2820919, 4964927, 5832608, 8480932, 8645622, 10112946, 12095770, 12793266, 13631033, 15434230, 16334457, 17606698, 22348763, 23163588, 23495332, 24771982, 25047078, 25088133, 25821793, 26483706, 27413363, 27845417, 32180697, 33165011, 33290524, 33609910, 34414933, 37012464, 37983983, 40367366, 40600908, 41711413, 42747890, 43880021]",37
55.67824270205834,12.54645310001378,5297173.4627688285,1812057.5712154286,3244.996147917436,"[341477, 343137, 1061177, 2448670, 2722006, 3361552, 3491493, 6111289, 13747657, 15506116, 17604343, 17904675, 18512442, 18749154, 19085204, 20273164, 22460516, 22906466, 25200924, 27557016, 31134219, 31185036, 36099726, 36437316, 37236885, 44238902, 44363236]",27
55.682422010995616,12.545683126523492,5297773.4627688285,1812057.5712154286,3459.7687784010936,"[112292, 3591747, 6844157, 14100044, 19884878, 26918663, 28631835, 30536241, 35910541]",9
55.686601042717534,12.544913133636008,5298373.4627688285,1812057.5712154286,3758.989225842367,"[6983, 933774, 1293615, 2039980, 3033245, 6166580, 7551766, 12849222, 13679281, 13887654, 16077817, 18625505, 19480475, 20707331, 22330246, 22540855, 23608856, 26210102, 26700560, 27159445, 34281307, 35032262, 35306198, 37938551, 39416094, 39497945, 42019924, 42405535]",28
55.69077979722107,12.544143121368824,5298973.4627688285,1812057.5712154286,4124.318125460134,"[263036, 371797, 612108, 729171, 1040628, 1081582, 1135941, 1331295, 1340127, 2466956, 2808956, 2842250, 3282258, 4228762, 4573683, 6743353, 7354466, 7623524, 8468123, 8630369, 9379522, 10705077, 12111296, 12219239, 12499708, 13028220, 13343879, 14681863, 15291286, 18573641, 19434840, 20554096, 20930070, 21167082, 24081673, 24237751, 24280594, 24363109, 24571901, 27417747, 30181016, 30415825, 32279868, 32325404, 33261564, 33411586, 34581303, 35585843, 35855852, 36245179, 36517554, 39839618, 39959869, 40608932, 40615383, 41644172, 43632676, 44007241, 44741198, 45312476, 46355069, 47949205]",62
55.69495827450322,12.543373089739429,5299573.4627688285,1812057.5712154286,4539.823785126356,"[304278, 1025560, 1389542, 1825225, 2934051, 3366568, 3795519, 4741118, 4775122, 5192386, 5543915, 6209467, 6326803, 6366142, 7427201, 7568851, 8909883, 9017509, 10017850, 10099852, 10832299, 12766175, 13196121, 13689809, 14346760, 16173843, 16611629, 16647246, 16716746, 17120323, 19640192, 19882716, 20870452, 22726637, 23592812, 24165275, 24751658, 25391724, 25625617, 25819512, 25904868, 26323270, 26662446, 26823515, 26914703, 26975657, 29751815, 30416485, 30529668, 30843919, 32228510, 32232169, 32607556, 33013392, 34366870, 35026324, 35104248, 35303506, 38082730, 38726272, 40558568, 41371770, 42105364, 42263493, 42629998, 43410434, 43636756, 44101001, 44201042, 44254299, 44304376, 44345972, 44528513, 45151332, 45204676, 45629605]",76
55.69913647456099,12.542603038765305,5300173.4627688285,1812057.5712154286,4992.995093127871,"[1128960, 1230963, 1235828, 1366429, 2366615, 2849861, 2931077, 5897716, 6001974, 7767850, 8021643, 13509449, 14243103, 14803890, 15089784, 15227471, 15319640, 18144006, 18486032, 19628637, 21836792, 23353261, 26743202, 27921182, 29176083, 31379387, 33060394, 33216547, 34108377, 34282370, 38336156, 38375380, 38942394, 44387562, 45451416]",35
55.70331439739138,12.541832968463941,5300773.4627688285,1812057.5712154286,5474.4862772683055,"[1057350, 13025187, 15891234, 16730366, 24567043, 35125893, 42640829, 43113157]",8
55.70749204299141,12.541062878852818,5301373.4627688285,1812057.5712154286,5977.457653551299,"[36803630, 46468285]",2
55.635021929412545,12.558094752914629,5290873.4627688285,1812577.1864576992,5992.4953066314465,[0],0
55.63920416414263,12.557324759118732,5291473.4627688285,1812577.1864576992,5458.021619598067,[0],0
55.64338612167389,12.556554745737387,5292073.4627688285,1812577.1864576992,4938.623289946289,[0],0
55.647567802003245,12.55578471278812,5292673.4627688285,1812577.1864576992,4439.5945760846125,"[18226828, 46057654]",2
55.65174920512763,12.555014660288458,5293273.4627688285,1812577.1864576992,3968.6269665968744,"[5431153, 21437709, 30160037, 33243847, 35416281, 38646832, 48140928, 48141864]",8
55.65593033104396,12.554244588255916,5293873.4627688285,1812577.1864576992,3536.9478367654656,[42598802],1
55.660111179749215,12.553474496708006,5294473.4627688285,1812577.1864576992,3160.6961258558067,[0],0
55.66429175124032,12.552704385662258,5295073.4627688285,1812577.1864576992,2861.8176042508208,"[269188, 602334, 718831, 813201, 1322268, 1479787, 2446880, 2876492, 3894560, 4008687, 4321677, 4725926, 4961566, 5506849, 6188163, 6551655, 6884826, 7893659, 9792001, 11380945, 11945020, 12238695, 12915624, 12978577, 13077021, 15252399, 15374830, 15815179, 17038886, 17402017, 18327170, 19569491, 21641581, 21642144, 23929016, 24402984, 26942728, 27132561, 28282844, 31284656, 35967671, 36234120, 36284753, 37384535, 37456712, 38506422, 39167035, 39805913, 40176763, 41467019, 43691759, 45219337, 45912343, 46427985, 47776544, 48175974]",56
55.66847204551424,12.551934255136167,5295673.4627688285,1812577.1864576992,2666.458325194659,"[460453, 553468, 731763, 770907, 897887, 1059622, 1263075, 1338920, 1408710, 1669801, 1878254, 2541947, 2610104, 2813216, 2976384, 3226784, 3392343, 3936677, 4634923, 4945136, 6132432, 6776158, 7334959, 7359510, 9678280, 9950210, 11231868, 12227776, 13078521, 13257885, 13747646, 13813273, 14061104, 14411872, 15199156, 15640892, 18505079, 18971037, 19276583, 20966090, 21138761, 21474029, 22380724, 24485307, 24754338, 25046757, 26036912, 26444733, 30397408, 33159229, 33488312, 33524100, 34079356, 34117616, 35500548, 35571084, 35662584, 36073710, 36092827, 37829560, 37910944, 38621848, 39020206, 39438621, 39481550, 39710375, 42210624, 42324372, 44118886, 44473882, 44703590, 45169670, 45373586, 47438729]",74
55.67265206256793,12.551164105147256,5296273.4627688285,1812577.1864576992,2598.0762113532983,"[817940, 871418, 1232103, 1265742, 1346545, 1380790, 2942386, 3480743, 3588511, 4855790, 5005875, 5276759, 6104707, 6159220, 6744414, 6978416, 7090754, 7125620, 7362292, 7478750, 7855592, 8365463, 10033774, 13030191, 14061068, 15211002, 15333452, 17229544, 17762371, 19302727, 20659304, 24799574, 26617272, 26743182, 30705099, 31850234, 33875482, 34228886, 34696236, 35642621, 35929491, 37076009, 37454471, 39074699, 39147892, 39427435, 40019641, 43446520, 43447823, 44356439, 44545099, 44659470, 45835133]",53
55.67683180239837,12.550393935713021,5296873.4627688285,1812577.1864576992,2666.458325194659,"[696352, 1093843, 1180011, 1679778, 2421050, 2445629, 2575269, 3107470, 3270374, 4026523, 4113742, 4260055, 5097276, 6753201, 7415202, 10391575, 10435392, 10435787, 13910876, 14089204, 15145681, 20978118, 21994022, 25061337, 25200922, 25472279, 26093712, 27796112, 30075776, 33115793, 34552183, 39162301, 39416484, 41016225, 41682021, 41787795, 42068157, 43339318, 43445682, 44329215, 44372386, 47940625]",42
55.68101126500252,12.549623746850974,5297473.4627688285,1812577.1864576992,2861.8176042508208,"[936913, 1031796, 2204801, 3714137, 6395819, 6446464, 6607220, 7143961, 11556782, 12381496, 13320493, 14520471, 17009135, 19373432, 22191241, 22331161, 24774126, 25441960, 26793578, 27324918, 34444348, 35851463, 37485741, 38114067, 38345889, 38926738, 39378341, 41734083, 44719730]",29
55.68519045037737,12.548853538578612,5298073.4627688285,1812577.1864576992,3160.6961258558067,"[588763, 1560724, 1839842, 2046124, 2300483, 2796858, 3556792, 5887336, 6862959, 9859123, 10324958, 10877666, 12831689, 13455348, 14323705, 19826316, 19855915, 21130807, 26645648, 27458530, 28429388, 33352123, 33567138, 33587987, 33588282, 34070878, 34713472, 36997117, 37107449, 39736975, 40702305, 41784726, 43895062, 44994272, 45237461, 45298632, 46325667, 46468663, 48050258]",39
55.689369358519905,12.54808331091343,5298673.4627688285,1812577.1864576992,3536.9478367654656,"[889480, 955980, 1588376, 2581453, 4813204, 13060894, 15001761, 17095190, 18185972, 20885444, 24458566, 26174989, 32796791, 32896240, 34049002, 35856507, 38874981, 44085305, 44426845, 45410761, 45778998]",21
55.69354798942712,12.547313063872929,5299273.4627688285,1812577.1864576992,3968.6269665968744,"[338928, 600676, 951501, 1076677, 1122594, 2550559, 3315514, 3435918, 6160014, 6418220, 7028593, 7249487, 7271377, 7930034, 8040586, 8320240, 10296901, 11498628, 13123903, 14720587, 16773592, 18136621, 20650363, 23655696, 24537628, 26317847, 26804167, 27868489, 27953452, 29231746, 29351375, 29450365, 30805923, 31494752, 33149205, 33535572, 33771491, 34329664, 36230334, 36691566, 36957089, 37490081, 40828921, 40996073, 41287235, 41779622, 43402221, 43836994, 43887100, 44081815, 45087499, 47539455]",52
55.697726343096015,12.546542797474604,5299873.4627688285,1812577.1864576992,4439.5945760846125,"[214839, 494801, 586523, 946818, 973350, 997960, 1265299, 1431260, 2895395, 2907271, 3034775, 3454703, 3806942, 3927592, 4392294, 5677608, 6568774, 7051763, 7499543, 7596387, 8619724, 8745932, 9661780, 11052510, 11607564, 11837610, 12551659, 15629154, 16512298, 16815492, 17550587, 18019356, 20042007, 20292361, 22097509, 22264225, 25290971, 25651732, 25924311, 26032260, 27130140, 27302090, 28634309, 29099539, 31913063, 31944663, 32104387, 33444130, 35016949, 35854058, 36018137, 36022109, 36066412, 36162533, 36651946, 36743329, 37245506, 37481862, 38548553, 39028385, 40881686, 42659121, 43143747, 44151435, 45889767]",65
55.7019044195236,12.54577251173594,5300473.4627688285,1812577.1864576992,4938.623289946289,"[391758, 645364, 3106643, 3166000, 12151222, 15580934, 15945821, 15966668, 17853510, 18402227, 18609231, 20030652, 22711468, 22992920, 23536468, 24152871, 24503591, 25900036, 28065407, 29412484, 32349322, 35175153, 36047758, 38116076, 41171310, 41336163, 41553844, 42066210, 42634771, 42932537, 45436165, 45981233]",32
55.706082218706875,12.54500220667443,5301073.4627688285,1812577.1864576992,5458.021619598067,"[19572161, 21209564, 24623958, 33625967, 34475833, 42308232]",6
55.710259740642876,12.544231882307555,5301673.4627688285,1812577.1864576992,5992.4953066314465,[0],0
55.637792004244886,12.561267715812164,5291173.4627688285,1813096.80169997,5507.267925205705,[0],0
55.64197411558542,12.560497487182571,5291773.4627688285,1813096.80169997,4956.813492557447,[0],0
55.646155949710106,12.559727238971881,5292373.4627688285,1813096.80169997,4419.27595879682,[0],0
55.6503375066159,12.558956971197604,5292973.4627688285,1813096.80169997,3899.9999999999427,[46956277],1
55.654518786299704,12.558186683877283,5293573.4627688285,1813096.80169997,3407.3450074800985,[38273066],1
55.65869978875848,12.557416377028439,5294173.4627688285,1813096.80169997,2954.6573405387558,"[1503710, 7477692, 13010481, 25371377, 44114898]",5
55.66288051398917,12.556646050668586,5294773.4627688285,1813096.80169997,2563.2011235951722,"[15003250, 18911800, 29336236, 43752298]",4
55.667060961988746,12.555875704815248,5295373.4627688285,1813096.80169997,2264.9503305811263,"[31094, 202142, 250201, 649303, 688519, 888226, 911531, 1028697, 2314843, 2350723, 2597980, 2678037, 2855810, 3155071, 3459324, 3730082, 4373418, 4398698, 4824478, 6830720, 6907854, 9127577, 10739353, 12480638, 12956964, 13638297, 14297137, 14794890, 14938241, 15205053, 15278912, 16700387, 16819148, 16883484, 17513955, 18503877, 18785953, 19329996, 19407228, 21299900, 21963885, 22157355, 23509625, 24040161, 24573443, 25303907, 25411195, 25510862, 26511926, 31164731, 31914123, 32172785, 33520155, 33874452, 35347157, 36330387, 37319675, 38403478, 38997856, 39377062, 39792080, 39938002, 40269366, 40536680, 41007136, 41543373, 42097034, 43662001, 43751820, 44118558, 44564750, 47494005]",72
55.671241132754155,12.555105339485939,5295973.4627688285,1813096.80169997,2099.9999999998936,"[29118, 130130, 999882, 1297508, 1801840, 1943920, 2505649, 2948879, 3366820, 3375686, 3475782, 3485490, 3520400, 3671390, 4446336, 4446663, 4737250, 5159260, 5234894, 5266224, 5450412, 5756626, 6571951, 6818148, 7056969, 7497812, 7550974, 7561549, 7820320, 12992715, 13453412, 13691193, 15448900, 16190450, 17992485, 18731303, 18787224, 18830811, 18992553, 19108061, 19236980, 20218238, 21260919, 21270480, 23225839, 25966800, 27890250, 28578399, 30806451, 30855113, 31524304, 32581583, 32812051, 32930209, 35346876, 35609886, 35932165, 36649614, 39027244, 41058761, 41530690, 41718599, 41880234, 41942781, 42810308, 43077988, 43572727, 43695044, 43903071, 44096391, 46740039]",71
55.67542102628235,12.554334954698176,5296573.4627688285,1813096.80169997,2099.9999999998936,"[231411, 1384179, 2011975, 3630772, 5049214, 6531189, 7993118, 11004380, 13230542, 17034694, 17956670, 19381771, 19886326, 20144685, 26742960, 26743431, 30051268, 30851376, 32715426, 39018592, 41306400, 42146420, 42165887, 45295534]",24
55.679600642570335,12.553564550469462,5297173.4627688285,1813096.80169997,2264.9503305811263,"[540387, 1344750, 1799889, 2155140, 10143783, 13097416, 13594596, 18710219, 19095716, 23971635, 29627999, 29697669, 34139356, 34851610, 41715259, 43374112, 43465789, 43636673]",18
55.683779981615075,12.552794126817307,5297773.4627688285,1813096.80169997,2563.2011235951722,"[363722, 598916, 856706, 907655, 1066680, 1221836, 1238231, 1238636, 2342778, 3459974, 4427900, 5004683, 5200585, 6367212, 6762583, 6822153, 8351895, 11478428, 12464542, 16316208, 17549754, 18201697, 23353534, 26563989, 27461908, 34524164, 34880113, 37249204, 38640307, 40851876, 41831314, 42324250, 45130854]",33
55.68795904341356,12.552023683759217,5298373.4627688285,1813096.80169997,2954.6573405387558,"[1134831, 1948256, 2001411, 2364555, 4595358, 6300770, 13637507, 15637782, 16034041, 16385164, 22627132, 24010663, 26529192, 31848826, 32948995, 33652893, 36093363, 36765504, 43714271, 46622528]",20
55.692137827962775,12.551253221312697,5298973.4627688285,1813096.80169997,3407.3450074800985,"[339321, 867964, 1234017, 1304215, 3400549, 4756543, 4965011, 10371860, 10649679, 19220014, 24903138, 26140937, 33519645, 37003311, 37138154, 38057165, 38125918, 38870418, 43745865, 43906122, 44133031, 44223898, 45307759, 46577066, 48115404]",25
55.69631633525974,12.55048273949524,5299573.4627688285,1813096.80169997,3899.9999999999427,"[161208, 1723018, 1790508, 1792459, 3902194, 4322701, 7618618, 7779049, 8769969, 11394770, 11415768, 15127098, 16697537, 19189418, 19833741, 22406518, 23098640, 24503285, 24851178, 25200916, 27460528, 32361468, 32413590, 33234294, 33553638, 36069992, 38131331, 39283256, 39311228, 39640990, 40574568, 40814966, 42909683, 43859236, 46829068]",35
55.70049456530144,12.549712238324348,5300173.4627688285,1813096.80169997,4419.27595879682,"[1519172, 2641476, 3906599, 4299510, 4514437, 4646723, 4716241, 6740035, 8219931, 9056448, 9986118, 10378696, 10795532, 15674843, 18789829, 19245707, 21026145, 22845924, 24372373, 24589472, 25995911, 27994891, 29735687, 32277039, 33513021, 35296316, 35665609, 35859270, 36091412, 36192142, 36620572, 37454144, 38633774, 38791199, 38814372, 39164730, 39248018, 39248625, 39249520, 41698909, 42091992, 42526953, 43173888, 43838829, 45999927, 46795100, 48250217]",47
55.70467251808489,12.548941717817518,5300773.4627688285,1813096.80169997,4956.813492557447,"[1711798, 3880972, 7032323, 7838760, 8709001, 10800066, 11722501, 13834054, 15323424, 15580309, 15878881, 16157303, 18494682, 18687768, 21824573, 28803714, 39080999, 40746576, 41187574, 43258252, 44548197, 47469144, 47799406]",23
55.70885019360712,12.548171177992234,5301373.4627688285,1813096.80169997,5507.267925205705,"[36713014, 39161438]",2
55.636379967735145,12.565210855733676,5290873.4627688285,1813616.4169422407,5620.498198558504,[0],0
55.64056223290197,12.564440411860978,5291473.4627688285,1813616.4169422407,5046.781152378156,[0],0
55.64474422083901,12.563669948393988,5292073.4627688285,1813616.4169422407,4479.955356920355,[0],0
55.6489259315432,12.562899465350242,5292673.4627688285,1813616.4169422407,3923.009049186528,[0],0
55.65310736501147,12.562128962747265,5293273.4627688285,1813616.4169422407,3380.8283008753024,"[6567611, 18243459]",2
55.657288521240766,12.561358440602598,5293873.4627688285,1813616.4169422407,2861.81760425073,"[16865698, 20871856, 22384360, 24155488, 27409462, 28618851, 33108071, 34631114, 36518206, 38990635, 39172951, 43870002, 44152310, 46207812, 46655994]",15
55.661469400228036,12.560587898933763,5294473.4627688285,1813616.4169422407,2381.1761799580026,"[1220771, 7128393, 13527804, 14712258, 35181034, 38948313, 39185314, 39350597, 40867588, 44299534]",10
55.665650001970235,12.559817337758286,5295073.4627688285,1813616.4169422407,1967.2315572904442,[0],0
55.66983032646433,12.559046757093691,5295673.4627688285,1813616.4169422407,1670.3293088488228,"[334127, 543075, 732371, 1263909, 2442579, 3629177, 5831344, 5929316, 6311369, 6422409, 7298548, 7728420, 11301096, 12358255, 12850511, 13842517, 16169322, 16358980, 16903903, 18719656, 19290972, 19361356, 25030207, 26765657, 28124718, 28406503, 34048223, 34608263, 35643693, 36346646, 36862943, 38395391, 39075905, 39172137, 39334851, 40397469, 40480787, 41674070, 42862551, 44228718, 45626750]",41
55.674010373707276,12.55827615695749,5296273.4627688285,1813616.4169422407,1558.8457268117927,"[175283, 497490, 1326743, 1339937, 1873966, 2885879, 2987082, 4554561, 5681780, 5733631, 6997442, 8630011, 9963567, 10324575, 10823745, 13008194, 13233701, 13491351, 19372479, 19696557, 19753786, 22111789, 22224337, 25200892, 25860958, 31591948, 34956410, 36344745, 38634402, 39313935, 39597735, 39765144, 40666140, 44006244, 44117394, 44274597, 44543678, 46837692]",38
55.67819014369605,12.55750553736721,5296873.4627688285,1813616.4169422407,1670.3293088488228,"[707226, 1008940, 1463108, 9587820, 19291039, 27748405, 36254169]",7
55.682369636427644,12.556734898340355,5297473.4627688285,1813616.4169422407,1967.2315572904442,"[282293, 1092248, 2487940, 2986640, 4385902, 6989955, 7814433, 9006017, 13392209, 18506210, 25652864, 26242490, 26742713, 28666562, 34310570, 35564885, 41837520]",17
55.68654885189902,12.555964239894449,5298073.4627688285,1813616.4169422407,2381.1761799580026,"[667946, 876975, 884244, 1122354, 1158157, 1301296, 1917889, 2137836, 2463144, 2965271, 4002188, 4039449, 4798431, 5706383, 5964890, 7557433, 8600813, 9766748, 13935230, 13954987, 19604155, 19819086, 20382007, 25669403, 26289522, 26459399, 28129557, 31892922, 32392198, 33596439, 34038364, 35765569, 38951625, 40721814, 43617047, 44145239, 44184884, 44201034, 45666896, 45887086, 48098861]",41
55.690727790107196,12.555193562046982,5298673.4627688285,1813616.4169422407,2861.81760425073,"[318437, 668996, 1528981, 2434100, 2506318, 2635073, 2865297, 3033660, 3187203, 4172139, 5023485, 5148250, 6164303, 6405270, 8477448, 9395101, 13888800, 14445614, 15108428, 15226684, 16761832, 16907209, 19257383, 19417895, 21386705, 21437629, 21437954, 21437961, 21780246, 22604640, 23178069, 25885180, 26274139, 27629141, 28264845, 28583620, 28637287, 29621032, 30177135, 31401376, 32061224, 32434919, 33382190, 35872207, 36087280, 36906642, 38569784, 40666680, 41972893, 43417982, 43823508, 44301379, 44551125, 44981100]",54
55.69490645104916,12.554422864815477,5299273.4627688285,1813616.4169422407,3380.8283008753024,"[1094338, 1133090, 1346411, 2435347, 3444290, 3464323, 3790447, 4220176, 4732172, 4943667, 5533358, 5579176, 5590309, 5727206, 6097098, 6309403, 7650909, 9728978, 11724273, 12215448, 14955033, 15014500, 19608662, 20499986, 22941791, 22976134, 25116979, 26521263, 26549071, 28213091, 29090270, 30466129, 35091525, 35623586, 36752652, 40715479, 40832797, 43772140, 44186712, 44636919, 45054023]",41
55.699084834721916,12.55365214821743,5299873.4627688285,1813616.4169422407,3923.009049186528,"[663246, 946970, 2113136, 5089082, 5455826, 7490362, 12372932, 12786562, 13598618, 13644626, 15439738, 15614166, 15645653, 16195692, 18204389, 20549028, 21638525, 22579998, 22757998, 24627608, 26495450, 26743407, 29500978, 29608074, 30284094, 30466115, 33553083, 34240770, 34440923, 36022908, 37203530, 37825808, 45199298, 46213675, 47845106, 48212012]",36
55.70326294112247,12.552881412270347,5300473.4627688285,1813616.4169422407,4479.955356920355,"[65902, 3388725, 15810133, 16115428, 18701063, 34186606, 34835494, 40833835, 42482643, 44016665, 44309628]",11
55.70744077024785,12.552110656991722,5301073.4627688285,1813616.4169422407,5046.781152378156,"[3092028, 3733082, 17113013, 23490217, 24615091, 26742945, 33241228, 39016252, 39182079, 42043328, 44399089, 45341927, 46325686, 46441630]",14
55.71161832209507,12.55133988239905,5301673.4627688285,1813616.4169422407,5620.498198558504,"[33946793, 45445594]",2
55.63496805461034,12.569154178871509,5290573.4627688285,1814136.0321845112,5793.96237474838,[0],0
55.63915047362048,12.568383519760847,5291173.4627688285,1814136.0321845112,5204.805471869231,[0],0
55.64333261538688,12.567612841042694,5291773.4627688285,1814136.0321845112,4618.4412955021835,[0],0
55.647514479906484,12.5668421427346,5292373.4627688285,1814136.0321845112,4036.0872141220993,[0],0
55.651696067176225,12.566071424854105,5292973.4627688285,1814136.0321845112,3459.768778401223,"[12950999, 14268783, 17960274, 25969113, 27648321, 30557487, 35564580, 46101871]",8
55.65587737719305,12.565300687418738,5293573.4627688285,1814136.0321845112,2893.0952282978674,"[11539508, 18410077, 19117762, 22548341, 23269473, 23535445, 32787061, 35955966, 39505269, 39810218, 42673858, 43353113, 43648169, 43993380, 44101502, 44404621]",16
55.66005840995388,12.564529930446035,5294173.4627688285,1814136.0321845112,2343.0749027719726,"[764213, 26187336, 29496854, 29533683, 41074059, 46397463, 48139393]",7
55.664239165455704,12.56375915395353,5294773.4627688285,1814136.0321845112,1824.8287590894354,[0],0
55.668419643695465,12.562988357958755,5295373.4627688285,1814136.0321845112,1374.7727084867115,"[568346, 1283976, 2587820, 3525309, 5867469, 9832836, 13178343, 24884896, 34703596]",9
55.67259984467012,12.562217542479223,5295973.4627688285,1814136.0321845112,1081.6653826391453,"[526909, 1353436, 3450655, 4302210, 6052210, 6221130, 6552818, 6991105, 8717796, 9917056, 12313611, 15769587, 17627452, 17733435, 18152011, 19152395, 22872889, 23970068, 24815672, 25052037, 25200890, 25677605, 25999293, 26178757, 29556353, 33060449, 33616383, 34007615, 38061242, 38888728, 40229993, 41944231, 41944245, 41944257, 41944271, 41944282, 41944294, 41944308, 42092544, 42797368, 45944611, 45944767]",42
55.67677976837666,12.561446707532475,5296573.4627688285,1814136.0321845112,1081.6653826391453,"[29085636, 31559772, 39768534, 42401121, 44348286, 44348973, 45216157, 45372958, 45476625]",9
55.68095941481206,12.560675853136019,5297173.4627688285,1814136.0321845112,1374.7727084867115,"[6175735, 6269509, 6315899, 6586974, 18739880, 23665966, 24797705, 26928875, 27000498, 27829535, 35020761, 41568888, 43083617, 43887126, 45129905]",15
55.6851387839733,12.55990497930737,5297773.4627688285,1814136.0321845112,1824.8287590894354,"[709460, 813233, 2271817, 2589687, 4463203, 6230076, 6251488, 6279151, 7114268, 8401956, 8959995, 10872268, 11236029, 13693025, 14410495, 14778530, 15141459, 15261726, 17470233, 17931093, 19784424, 20439341, 20967928, 21744160, 26743691, 27057533, 27516060, 34348895, 34668853, 35332389, 35464500, 37274772, 38150038, 38929206, 41195001, 42168109, 42665508, 43748977, 45503522]",39
55.68931787585738,12.559134086064054,5298373.4627688285,1814136.0321845112,2343.0749027719726,"[441719, 454605, 753661, 1117505, 1234625, 1251786, 1294713, 2271424, 2734398, 3488922, 3574378, 3647502, 4268958, 4300944, 6137226, 6283572, 6728301, 6970058, 7705077, 7805611, 8799607, 11408655, 11988168, 12984776, 13556164, 14685600, 14811693, 15358851, 16657173, 17217925, 17468853, 17524341, 18630811, 18995258, 19097128, 19321943, 19627118, 20371877, 21139874, 21500371, 23811209, 24217637, 25342284, 26542406, 27130178, 27185120, 27576813, 28534238, 30315326, 30394007, 31705659, 32626000, 32681005, 33280239, 33897417, 33978089, 34006252, 34648591, 35148080, 35248913, 36226232, 36593975, 36758981, 36996898, 37239341, 37281770, 38442556, 38660664, 44410485, 44421205, 44564296, 45233774, 45428326, 45701022]",74
55.69349669046128,12.55836317342358,5298973.4627688285,1814136.0321845112,2893.0952282978674,"[1033676, 1182803, 1308255, 2924748, 3276048, 3463474, 5715807, 11289610, 12469361, 14627745, 16239393, 16917965, 18382808, 18780484, 19779262, 21846011, 22236748, 22605343, 23965468, 28189713, 28972235, 31071882, 31799377, 33191557, 34977624, 35731713, 36257338, 37178859, 38906534, 40091682, 42016948, 42489238, 45633936, 45718641, 47765356, 48295173]",36
55.697675227782035,12.557592241403455,5299573.4627688285,1814136.0321845112,3459.768778401223,"[7061514, 18628572, 26465589, 27892408, 34916809, 36787685, 36871686, 39863679, 48099546]",9
55.701853487816635,12.556821290021185,5300173.4627688285,1814136.0321845112,4036.0872141220993,"[3785919, 15307935, 19545059, 19651670, 26742736, 29331048, 44489486]",7
55.706031470562095,12.55605031929428,5300773.4627688285,1814136.0321845112,4618.4412955021835,"[239705, 804534, 3264005, 13274718, 39912522, 43609151, 43892514, 46427913, 48205791]",9
55.71020917601545,12.555279329240243,5301373.4627688285,1814136.0321845112,5204.805471869231,"[410215, 14799953, 31328298, 36023931, 40471422]",5
55.714386604173725,12.554508319876565,5301973.4627688285,1814136.0321845112,5793.96237474838,[0],0
55.63773883773787,12.572326810870418,5290873.4627688285,1814655.647426782,5424.942396007524,[0],0
55.64192113335066,12.571555916906245,5291473.4627688285,1814655.647426782,4828.043081829309,[0],0
55.64610315170269,12.570785003338944,5292073.4627688285,1814655.647426782,4232.020793899747,[0],0
55.650284892790914,12.570014070186044,5292673.4627688285,1814655.647426782,3637.306695894622,[0],0
55.65446635661225,12.569243117465103,5293273.4627688285,1814655.647426782,3044.6674695276415,"[17746599, 19453280, 23291437, 29554689, 29590492, 30148158, 40856675, 41384168, 41827034, 43966537]",10
55.65864754316365,12.568472145193654,5293873.4627688285,1814655.647426782,2455.6058315617047,"[8853796, 9084874, 12486547, 17740723, 21978139, 22678021, 23975040, 25538415, 25668089, 28381467, 29599693, 30032895, 30730890, 31327171, 31662306, 33552904, 33601098, 35285450, 38210484, 38373991, 41079682, 41764565, 41827395, 42588120, 43795836, 43993159, 45448789]",27
55.66282845244208,12.567701153389235,5294473.4627688285,1814655.647426782,1873.4993995194798,"[15045949, 28955402]",2
55.667009084444494,12.566930142069388,5295073.4627688285,1814655.647426782,1307.6696830621452,[0],0
55.671189439167854,12.566159111251634,5295673.4627688285,1814655.647426782,793.7253933192835,"[5602444, 16255436, 16788622, 20883405, 21443084, 25521361, 48313347]",7
55.67536951660913,12.565388060953511,5296273.4627688285,1814655.647426782,519.61524227052,"[917359, 19398977, 35833991, 36514424, 38874446, 46325896]",6
55.679549316765325,12.564616991192544,5296873.4627688285,1814655.647426782,793.7253933192835,"[2360896, 2622531, 2715130, 3545890, 6118268, 14438920, 15056326, 16638369, 20927916, 21187566, 26914503, 34866178, 35418072, 39578816, 44122550, 44347290, 45515321]",17
55.683728839633375,12.563845901986257,5297473.4627688285,1814655.647426782,1307.6696830621452,"[118649, 268089, 313003, 566525, 933497, 1085596, 1291702, 2403754, 2917206, 3253457, 3592268, 4295059, 4318510, 4365292, 4647871, 5438156, 6815724, 6875821, 7385075, 7675836, 8166111, 8585592, 8590161, 10101092, 13248111, 13259358, 13537228, 13588507, 13694896, 14105462, 15191908, 15732251, 16415632, 16959372, 17327161, 17675329, 18004060, 18081344, 19690627, 22404234, 23099769, 23461373, 23908727, 26742944, 30037750, 30733022, 32353186, 32581639, 34680118, 35217811, 36100639, 36339863, 36342881, 36383307, 36402287, 36686071, 37414095, 37958657, 38019938, 40050253, 40533698, 42108687, 42776134, 42776653, 44108706, 45398035]",66
55.68790808521032,12.56307479335217,5298073.4627688285,1814655.647426782,1873.4993995194798,"[719512, 895117, 1218328, 2024710, 3150824, 3672245, 4611859, 6874641, 7729190, 8023598, 8234458, 8432241, 9536683, 12335547, 12500421, 12515003, 12788709, 13704942, 15839859, 15981482, 16293515, 17049589, 21994113, 22453622, 23266215, 23653908, 25443158, 25501455, 26289277, 26723459, 26742700, 29176044, 29757787, 32037562, 33286438, 34436809, 34826202, 35983677, 36299863, 39000504, 43263490, 44147018]",42
55.69208705349314,12.562303665307804,5298673.4627688285,1814655.647426782,2455.6058315617047,"[194022, 240802, 709859, 1033496, 1173872, 1398387, 4010869, 5239915, 5505649, 5691457, 6189075, 7508709, 8795070, 9025695, 10692118, 11180006, 15748960, 17460663, 19779288, 20675921, 21330021, 22936109, 26325728, 27125140, 27633129, 27865015, 28116504, 28945895, 30786602, 39961718, 41946117, 42154984, 43431333, 44072306, 44159790, 44501416, 45171589, 48208995]",38
55.69626574447882,12.561532517870678,5299273.4627688285,1814655.647426782,3044.6674695276415,"[4113925, 26054244]",2
55.7004441581644,12.560761351058298,5299873.4627688285,1814655.647426782,3637.306695894622,[0],0
55.70462229454689,12.55999016488818,5300473.4627688285,1814655.647426782,4232.020793899747,"[1277374, 3385415, 7798925, 8463755, 25595163, 37711751, 46082682, 46256861]",8
55.70880015362329,12.559218959377835,5301073.4627688285,1814655.647426782,4828.043081829309,"[1112733, 1709944, 3144558, 14890789, 17088045, 17215414, 20168678, 20816740, 27008392, 27340022, 30172275, 32834314, 36301695, 38253431, 38456306, 47305479]",16
55.71297773539065,12.558447734544764,5301673.4627688285,1814655.647426782,5424.942396007524,"[1655654, 6103048, 8199047, 8868624, 9378415, 13538078, 16409926, 17364608, 23738923, 26591688, 35704193, 36373088, 40396919, 42229728, 43224854]",15
55.63632732525106,12.576270285177939,5290573.4627688285,1815175.2626690525,5700.0,"[4821181, 29647552, 29854096, 30160025, 40588009, 45648253]",6
55.640509774727256,12.575499175972888,5291173.4627688285,1815175.2626690525,5100.0,[18892153],1
55.64469194692875,12.574728047151499,5291773.4627688285,1815175.2626690525,4500.0,[0],0
55.64887384185246,12.573956898731334,5292373.4627688285,1815175.2626690525,3900.0,[0],0
55.653055459495334,12.573185730729945,5292973.4627688285,1815175.2626690525,3300.0,[0],0
55.657236799854324,12.572414543164868,5293573.4627688285,1815175.2626690525,2700.0,[17952730],1
55.661417862926356,12.571643336053654,5294173.4627688285,1815175.2626690525,2100.0,"[1620799, 1621001, 2884072, 5256387, 11123362, 13556010, 16268421, 17948420, 19688548, 24332357, 24388087, 26742737, 26743164, 26843560, 30412373, 30948012, 38516061, 41676117, 42657173, 43817537, 43907644, 46698479, 47739332]",23
55.665598648708425,12.57087210941384,5294773.4627688285,1815175.2626690525,1500.0,[0],0
55.66977915719747,12.57010086326297,5295373.4627688285,1815175.2626690525,900.0,"[9340419, 16802243, 17581677, 30174695, 31020275, 32950026, 42836619]",7
55.673959388390465,12.569329597618584,5295973.4627688285,1815175.2626690525,300.0,"[4298831, 8927403, 12807843, 28204455, 33929320, 36650443, 37493222, 39465549, 41520470, 43632871]",10
55.6781393422844,12.568558312498197,5296573.4627688285,1815175.2626690525,300.0,"[521284, 1714518, 2713104, 2805884, 2915555, 4193537, 6330772, 8437007, 10188373, 10714307, 10903162, 12116943, 12707426, 13188453, 13907755, 13914137, 14569717, 15283383, 15494357, 15758090, 17682095, 18315395, 21985687, 22530215, 25273227, 26528828, 26742707, 26742961, 29822323, 29824107, 29825920, 30813747, 31144301, 31356642, 31564972, 31927897, 31953531, 32136599, 32136917, 32137146, 32137332, 33678731, 34891714, 35071143, 35571658, 36107010, 36226614, 36299302, 36576621, 36830946, 37803864, 38447020, 38885256, 39818079, 40908302, 42091749, 42300515, 42300516, 43078527, 43273964, 44518440, 45246829, 45340237, 47019988]",64
55.68231901887626,12.567787007919364,5297173.4627688285,1815175.2626690525,900.0,"[78381, 1005766, 1390151, 2082645, 4381572, 5459872, 7633989, 8415681, 8573371, 8959135, 9003537, 12205077, 12614938, 14461471, 18667618, 21183454, 21289602, 21433657, 24105379, 26742957, 29207512, 35609739, 35903812, 36086300, 36350618, 41225930, 41403459, 43577342, 44262680]",29
55.686498418163026,12.567015683899593,5297773.4627688285,1815175.2626690525,1500.0,"[37159, 836255, 1083039, 1098484, 1127193, 1806840, 1834010, 2813342, 5361544, 6549452, 6850167, 6906011, 7744999, 8963430, 12301681, 13845396, 14144717, 14270352, 16142878, 17309537, 20172799, 21079009, 23450033, 23495723, 23707263, 26111613, 26742972, 26743427, 27152457, 28252722, 28624874, 29810083, 31214651, 31592094, 31703971, 32599868, 32754409, 32931079, 35858001, 36385107, 40702071, 42554637, 42580840, 42634248, 44231951, 44421789, 45792788]",47
55.69067754014171,12.56624434045642,5298373.4627688285,1815175.2626690525,2100.0,"[119322, 576523, 700271, 882992, 2258264, 3331881, 3684212, 3846928, 5585454, 5843542, 11668970, 11887667, 17336616, 19947895, 23440887, 24075058, 25955604, 26793385, 28624200, 28774458, 30562675, 34355292, 35983989, 35984269, 38973874, 40692849, 40728096, 41347719]",28
55.694856384809285,12.565472977607364,5298973.4627688285,1815175.2626690525,2700.0,"[20150343, 20708013, 46980754]",3
55.6990349521628,12.56470159536995,5299573.4627688285,1815175.2626690525,3300.0,[0],0
55.70321324219923,12.563930193761689,5300173.4627688285,1815175.2626690525,3900.0,[0],0
55.70739125491563,12.563158772800103,5300773.4627688285,1815175.2626690525,4500.0,"[7107719, 20008517, 30029157, 33798381, 35737506, 36443962, 41317639]",7
55.711568990309026,12.562387332502697,5301373.4627688285,1815175.2626690525,5100.0,"[1407934, 1517453, 9779061, 11630042, 12160191, 13517345, 19936467, 25992506, 32439197, 36743389, 36861793, 42016036, 43983027, 44615618, 45309062]",15
55.71574644837643,12.561615872886982,5301973.4627688285,1815175.2626690525,5700.0,"[36718271, 38064833, 45309114]",3
55.63909853951364,12.579442618230857,5290873.4627688285,1815694.8779113232,5424.9423960075455,[0],0
55.643280865581616,12.578671274160524,5291473.4627688285,1815694.8779113232,4828.043081829334,[0],0
55.64746291435783,12.577899910478228,5292073.4627688285,1815694.8779113232,4232.020793899776,[0],0
55.65164468583926,12.577128527201511,5292673.4627688285,1815694.8779113232,3637.306695894655,[0],0
55.65582618002283,12.576357124347929,5293273.4627688285,1815694.8779113232,3044.667469527681,[1369531],1
55.66000739690548,12.575585701935035,5293873.4627688285,1815694.8779113232,2455.605831561754,[755122],1
55.66418833648419,12.574814259980377,5294473.4627688285,1815694.8779113232,1873.4993995195443,"[944950, 2134417, 5324458, 6486785, 12660793, 19237747, 22520974, 26036015, 35940791, 41490652, 42091328]",11
55.668368998755916,12.574042798501493,5295073.4627688285,1815694.8779113232,1307.6696830622377,[42870981],1
55.67254938371762,12.573271317515937,5295673.4627688285,1815694.8779113232,793.7253933194359,"[5717469, 5722692, 6258465, 7796194, 10756350, 20044754, 24385642, 24388600, 24388777, 32855980, 33191537, 37757800, 38144008, 38155056, 40944208, 43521041, 43584520, 43935272, 44351045, 45566861]",20
55.6767294913663,12.572499817041237,5296273.4627688285,1815694.8779113232,519.6152422707528,"[1803867, 2014951, 2123545, 2541416, 2795889, 6881244, 8185511, 9386199, 10581642, 12316074, 12827379, 14081595, 14664156, 15697358, 16130804, 16268290, 16890494, 17100815, 17955568, 18040509, 19304878, 19584936, 19772795, 19784043, 19784430, 19815492, 19818321, 20376992, 21844980, 22912241, 24084993, 24709160, 24815617, 24816694, 26316858, 28325833, 29111256, 29815952, 29825013, 32103933, 33485010, 33820750, 34108254, 34650876, 34860438, 35246135, 35246168, 35246214, 35246251, 35246435, 37707399, 38253541, 38480350, 41165535, 41988010, 41988355, 42300517, 42300518, 42300520, 42440630, 43933650, 43934121, 44006654, 44044124, 44070300, 45075447, 45504692, 45504895, 45566738, 45985605]",70
55.680909321698934,12.571728297094944,5296873.4627688285,1815694.8779113232,793.7253933194359,"[225323, 341822, 630747, 1557373, 2222260, 2452011, 3675397, 8947133, 9455327, 13105022, 13588979, 14010280, 20402568, 23492145, 26417304, 26742989, 26742995, 27860696, 29267363, 30078494, 30893029, 32102094, 33190777, 39070073, 39238024, 39997949, 40603374, 40604478, 40918743, 43091996, 43137258, 43846413, 43846834, 46018480]",34
55.6850888747125,12.570956757694583,5297473.4627688285,1815694.8779113232,1307.6696830622377,"[820869, 1149396, 1496270, 5232748, 6356392, 10677376, 14345471, 15475547, 19676256, 26629079, 27073945, 28062475, 32956730, 35759710, 37549559, 39463812, 42651249, 43555734]",18
55.689268150404,12.570185198857686,5298073.4627688285,1815694.8779113232,1873.4993995195443,"[503631, 986871, 1079829, 1435118, 2235936, 2616719, 2870048, 2922363, 3198821, 3348066, 6329794, 7077089, 10332346, 10858144, 13094404, 14173917, 16423119, 18435757, 19636843, 20793730, 21448135, 22146631, 25251445, 26089449, 33755544, 35560151, 41259645, 41573896, 45735446]",29
55.693447148770446,12.569413620601786,5298673.4627688285,1815694.8779113232,2455.605831561754,"[507911, 1668377, 2018301, 2592359, 9348202, 14210920, 15171552, 17138087, 24143396, 24987454, 32734261, 33160867, 38859216, 40372456, 41307688, 42377223, 43982285, 44678252, 45614725]",19
55.697625869808824,12.568642022944408,5299273.4627688285,1815694.8779113232,3044.667469527681,[0],0
55.70180431351618,12.567870405903077,5299873.4627688285,1815694.8779113232,3637.306695894655,[0],0
55.70598247988953,12.56709876949531,5300473.4627688285,1815694.8779113232,4232.020793899776,"[1130971, 14460394, 25481830, 26285957, 35631060, 42656576]",6
55.71016036892586,12.56632711373863,5301073.4627688285,1815694.8779113232,4828.043081829334,"[2541243, 7374357, 8019666, 13120964, 13706144, 14982250, 18924739, 19264097, 19351635, 21438022, 21482836, 27694974, 32414454, 33552483, 35059218, 35982950, 36020138, 48085536]",18
55.71433798062226,12.56555543865055,5301673.4627688285,1815694.8779113232,5424.9423960075455,"[16496596, 39848538, 41819829]",3
55.63768742770671,12.583386243668391,5290573.4627688285,1816214.493153594,5793.962374748422,"[4374946, 15575423]",2
55.6418699076582,12.582614684354262,5291173.4627688285,1816214.493153594,5204.805471869277,[36977159],1
55.64605211030397,12.581843105414954,5291773.4627688285,1816214.493153594,4618.441295502236,[0],0
55.65023403564096,12.581071506868046,5292373.4627688285,1816214.493153594,4036.0872141221594,[0],0
55.65441568366613,12.580299888731078,5292973.4627688285,1816214.493153594,3459.768778401293,[0],0
55.65859705437642,12.579528251021623,5293573.4627688285,1816214.493153594,2893.095228297951,[0],0
55.662778147768776,12.578756593757232,5294173.4627688285,1816214.493153594,2343.074902772076,"[1076510, 1238975, 1248120, 1274150, 5217580, 8607411, 15952361, 16502386, 17809991, 19053739, 24328862, 25412031, 31258811, 32600127, 34349867, 34896068, 36950603, 37730663, 38922415, 40033723, 41788390, 41945865]",22
55.66695896384019,12.57798491695545,5294773.4627688285,1816214.493153594,1824.828759089568,"[504223, 2245824, 2373336, 2390602, 3335801, 3362860, 3624406, 3643684, 3893242, 4081876, 4959597, 6029064, 7308047, 8020459, 8663093, 9857418, 12728196, 13131870, 13412661, 13620616, 13735376, 13912772, 14311023, 14911059, 15877474, 16412854, 16809364, 18910786, 19636210, 21732842, 22171892, 24903583, 25881209, 26743200, 29123969, 31831891, 35400218, 36109000, 36140987, 38158163, 38893757, 38914166, 39334388, 39437131, 39603169, 40775946, 41315362, 43083862, 43784745, 43933508, 44031396, 44039612, 45054368, 45322427, 47541044]",55
55.67113950258761,12.57721322063383,5295373.4627688285,1816214.493153594,1374.7727084868875,"[746533, 4433418, 10595718, 20220793, 20770359, 27796801, 27897759, 31290153, 31813403, 33032842, 40149354]",11
55.67531976400801,12.576441504809921,5295973.4627688285,1816214.493153594,1081.665382639369,"[1419265, 1558401, 1653195, 3153817, 4012606, 11453844, 16983097, 19172335, 19955853, 20434894, 21857280, 22439902, 23429143, 26090710, 27791407, 28154704, 29498815, 32257961, 34100919, 34133577, 34210766, 37962821, 38541296, 39073399, 42523242, 43572808, 43664211, 44006851, 44537352, 45082753, 45855973, 45856492, 45966347, 47040585]",34
55.679499748098394,12.57566976950126,5296573.4627688285,1816214.493153594,1081.665382639369,"[1121190, 3364831, 5025878, 5275789, 5474666, 5495660, 5800800, 5984902, 6897435, 7805961, 7810763, 8563559, 8578484, 8584983, 12129095, 12753044, 13062061, 13636816, 14290989, 14382944, 14660748, 15205440, 16892132, 17005475, 19319972, 20809733, 21049426, 21437586, 22094240, 22095874, 22417827, 24154071, 25135273, 25389934, 25793169, 26324399, 26660968, 26742729, 26743162, 28090269, 28250608, 28269709, 29791129, 30105029, 31199416, 32005258, 32880952, 33794099, 34106137, 34141643, 34542810, 34643040, 34918788, 35268265, 35272897, 35731530, 35839191, 35960583, 38471178, 38662111, 39523940, 39636031, 39682341, 40499974, 41735996, 43664495, 43831266, 43858137, 46995316]",69
55.683679454855735,12.574898014725397,5297173.4627688285,1816214.493153594,1374.7727084868875,"[432409, 617493, 705646, 964454, 1227230, 1299566, 1635069, 2604394, 2787797, 3144020, 5083399, 6753941, 10494140, 12341512, 13078806, 20952694, 21437657, 21531765, 22160217, 22434638, 27739104, 29953217, 32557140, 33626106, 35108455, 35108640, 35108665, 35138897, 36779291, 39683846, 42300523, 42501574, 42501577, 42560285, 42560289, 42560475, 42560481, 42729901, 44081513, 45503479, 45503862, 45504120, 45504414, 46767046, 46943626, 47901324]",46
55.687858884277034,12.574126240499863,5297773.4627688285,1816214.493153594,1824.828759089568,"[670820, 1556320, 1866685, 5460986, 6459616, 11137764, 20893944, 21873097, 26742693, 30000737, 30125358, 33191860, 42013786, 42071450, 42753424]",15
55.6920380363593,12.573354446842197,5298373.4627688285,1816214.493153594,2343.074902772076,"[26057, 1098209, 1181426, 3092219, 4284608, 7086008, 11131280, 12192698, 13095676, 14553210, 16200991, 17883381, 18371339, 18404644, 18661085, 19176628, 19755571, 20145754, 20424889, 24819908, 27670544, 30388784, 32681952, 33581896, 35608736, 36836511, 39497469, 43638711, 44061485, 45536186, 46395960]",31
55.69621691109953,12.572582633769931,5298973.4627688285,1816214.493153594,2893.095228297951,"[1457420, 1496302, 2304585, 2806299, 5359422, 7234031, 9045298, 10507458, 11224345, 15075876, 19176685, 19992757, 21415442, 24502772, 24569760, 30931071, 38317595, 41123503, 44066996, 44344029, 46919530]",21
55.70039550849475,12.571810801300598,5299573.4627688285,1816214.493153594,3459.768778401293,"[6602835, 26495386, 44226456]",3
55.704573828541974,12.57103894945172,5300173.4627688285,1816214.493153594,4036.0872141221594,"[1055005, 35301037]",2
55.70875187123822,12.570267078240827,5300773.4627688285,1816214.493153594,4618.441295502236,"[521617, 3020239, 6577785, 6674765, 18391368, 20466176, 26163967, 26267617, 26743207, 27927586, 28436049, 29140472, 33823069, 34927717, 35215166, 35713893, 36095907, 37553036, 37770924, 37794149, 39596996, 39748640, 40009031, 40977012, 41455432, 42500793, 44040145]",27
55.71292963658054,12.569495187685446,5301373.4627688285,1816214.493153594,5204.805471869277,"[32841, 1776209, 5575491, 10669374, 12692829, 13147326, 16115500, 18994549, 20276207, 25807062, 26309978, 27243965, 34163326, 35705374, 35756674, 35851720, 36291844, 36308544, 37447902, 38342008, 42635794, 42799187, 43739882]",23
55.71710712456596,12.568723277803082,5301973.4627688285,1816214.493153594,5793.962374748422,[0],0
55.64045907315545,12.586558277720947,5290873.4627688285,1816734.1083958645,5620.498198558568,"[5799877, 33177923]",2
55.6446414296878,12.585786483529775,5291473.4627688285,1816734.1083958645,5046.7811523782275,"[34879870, 37325969]",2
55.6488235088974,12.585014669717795,5292073.4627688285,1816734.1083958645,4479.955356920436,[0],0
55.6530053107812,12.584242836302577,5292673.4627688285,1816734.1083958645,3923.0090491866204,[0],0
55.65718683533613,12.58347098330168,5293273.4627688285,1816734.1083958645,3380.82830087541,[11997739],1
55.66136808255915,12.582699110732666,5293873.4627688285,1816734.1083958645,2861.8176042508567,"[5650025, 11339117, 15111549, 19094498, 32914308, 37645667, 41672764, 46748842]",8
55.665549052447254,12.581927218613094,5294473.4627688285,1816734.1083958645,2381.176179958155,"[670384, 840903, 1853736, 2149338, 2924268, 3260057, 3779896, 4420277, 4458549, 4718721, 5020433, 5679046, 6376030, 6788685, 6927801, 9022651, 9054009, 10785770, 11832827, 13053181, 14449710, 17790491, 18115467, 18485497, 20098111, 21093232, 21093307, 22134446, 23478539, 23990805, 26071341, 26742696, 26742962, 27983198, 27983865, 28633865, 28945325, 33300943, 33863301, 34558377, 35087893, 35403269, 35606233, 35940695, 35965188, 36025333, 36249969, 36250885, 36654541, 36954363, 40892296, 41309689, 42507675, 42660039, 45346727, 46029874, 46057964, 46449357]",58
55.669729744997376,12.58115530696052,5295073.4627688285,1816734.1083958645,1967.2315572906286,"[519333, 547317, 7078856, 9406983, 15852986, 18398293, 19254664, 19739674, 22203311, 27391608, 32956453, 44113186, 46185628, 48208848]",14
55.6739101602065,12.580383375792497,5295673.4627688285,1816734.1083958645,1670.3293088490402,"[1457864, 6264689, 22350241]",3
55.67809029807163,12.579611425126572,5296273.4627688285,1816734.1083958645,1558.8457268120255,"[853043, 894420, 13859075, 16458482, 20416194, 22365495, 26141824, 26742721, 27125171, 31630122, 34383044, 34617476, 36084263, 37329437, 39602150, 40834883, 43696119, 43890380, 44270205, 45648776, 45666996]",21
55.682270158589745,12.578839454980296,5296873.4627688285,1816734.1083958645,1670.3293088490402,"[4747071, 4877128, 5359152, 10801674, 13323120, 14770008, 15928190, 21352123, 22097623, 23388128, 23388703, 24155174, 24299796, 24565028, 24887828, 25247163, 26438881, 29695196, 31052397, 33379644, 33550057, 33550627, 33614416, 33625535, 33832783, 34263655, 34668954, 36059858, 36560474, 37491292, 38260631, 38274015, 41723645, 42300522, 42633237, 42773662, 42988197, 43653245, 43841434, 44116679, 46995297, 47281541]",42
55.68644974175781,12.57806746537121,5297473.4627688285,1816734.1083958645,1967.2315572906286,"[2520615, 15961249, 24826721]",3
55.69062904757287,12.577295456316861,5298073.4627688285,1816734.1083958645,2381.176179958155,"[973198, 1211230, 1618579, 2837212, 3243338, 3703521, 5212161, 5449005, 5848223, 6518188, 6825655, 9468032, 11515569, 12051411, 12886788, 12936634, 12952395, 13505985, 14152338, 16682305, 17364405, 19614754, 21544645, 25116855, 26466844, 26480519, 28296856, 28662576, 28821747, 28828025, 35962958, 36013912, 36763711, 37069228, 41210345, 43385923, 47987248]",37
55.69480807603192,12.57652342783479,5298673.4627688285,1816734.1083958645,2861.8176042508567,"[528914, 2200398, 2987210, 5734589, 9711772, 13739369, 17389918, 19126979, 20692228, 25358248, 26831789, 27398947, 42505856, 45149507, 46919656, 46957625, 47557041]",17
55.698986827131954,12.575751379942528,5299273.4627688285,1816734.1083958645,3380.82830087541,"[763588, 949520, 1947819, 3078016, 3313443, 7056947, 7166618, 10385974, 10521363, 16701417, 18745694, 22303344, 24255956, 29210970, 31373225, 35529724, 37504621, 39357059, 39385271, 42132063, 43532979, 44079159]",22
55.70316530087001,12.57497931265761,5299873.4627688285,1816734.1083958645,3923.0090491866204,"[3391725, 16038432, 19049474, 19395317, 30700988, 32971405, 34970196]",7
55.70734349724312,12.574207225997569,5300473.4627688285,1816734.1083958645,4479.955356920436,"[8979392, 12128087, 16669425, 17284304, 20141519, 26296221, 35865267, 41705989, 42742191, 43241011, 44085933]",11
55.7115214162483,12.573435119979937,5301073.4627688285,1816734.1083958645,5046.7811523782275,"[1632744, 3805965, 4390957, 6067118, 6947330, 13746486, 14065262, 15639989, 17552019, 24280324, 25215387, 25877586, 31398644, 31442083, 34018250, 35336397, 38402126, 38560495, 42270843, 43251805, 44184619]",21
55.71569905788262,12.572662994622231,5301673.4627688285,1816734.1083958645,5620.498198558568,"[455191, 13502626, 13635279, 14943634, 20806009, 24567631, 25970800, 31639453, 43247474, 47917918]",10
55.64323087250629,12.589730044810931,5291173.4627688285,1817253.7236381352,5507.267925205793,"[10356333, 15676231, 26742990, 30337111, 30339433, 34733307, 45626969, 47937370]",8
55.64741310560553,12.588958015739015,5291773.4627688285,1817253.7236381352,4956.813492557544,"[7285370, 31590196, 38663919, 38832283, 44369589]",5
55.651595061364965,12.588185967050665,5292373.4627688285,1817253.7236381352,4419.275958796929,[36295811],1
55.65577673978157,12.58741389876345,5292973.4627688285,1817253.7236381352,3900.000000000067,[0],0
55.65995814085229,12.58664181089493,5293573.4627688285,1817253.7236381352,3407.345007480241,"[8706485, 12639745, 16668759, 31617679, 34938267, 40961356]",6
55.66413926457408,12.585869703462688,5294173.4627688285,1817253.7236381352,2954.6573405389195,"[911298, 3197661, 5728275, 11920678, 13121901, 26116212, 31998797, 34956439]",8
55.668320110943924,12.58509757648426,5294773.4627688285,1817253.7236381352,2563.201123595361,"[1279893, 1423825, 1562840, 2095232, 6043528, 6621330, 19177904, 27430291]",8
55.67250067995878,12.584325429977227,5295373.4627688285,1817253.7236381352,2264.95033058134,"[1356302, 26108381, 37561626, 44430159]",4
55.676680971615646,12.583553263959132,5295973.4627688285,1817253.7236381352,2100.000000000124,"[2215454, 4514140, 6097124, 8947054, 14101197, 15814625, 17316202, 21048460, 21533077, 24036593, 30116533, 35077473, 35078844, 37701533, 44405611, 44496682, 45750392, 45753081]",18
55.68086098591151,12.582781078447544,5296573.4627688285,1817253.7236381352,2100.000000000124,"[1312995, 3559702, 3618995, 4713243, 5306014, 10240481, 10530494, 11136000, 11331658, 12229869, 12505528, 13648187, 17112376, 18054863, 19666101, 21330351, 22807671, 26250522, 26742941, 28858182, 30195868, 30731729, 32713663, 32717779, 33004250, 33050541, 35567628, 35667202, 36232543, 36790804, 36791777, 36792486, 36792560, 36793413, 36822166, 37115234, 41536623, 41536627, 41536629, 42768984, 43598994, 43772948, 43830063, 43935735, 44117953, 44174431, 44351909, 44488962, 45048831, 45462694]",50
55.68504072284334,12.58200887346,5297173.4627688285,1817253.7236381352,2264.95033058134,"[1325035, 1357858, 1717719, 1803362, 2668851, 2835999, 3074841, 3400053, 3407331, 13768324, 13968051, 14027135, 14346909, 18390960, 18920012, 23331180, 26443749, 29251652, 30571837, 31357146, 34641640, 36790893, 36791627, 36791712, 37905185, 38279627, 39046370, 43799010, 43837740, 43889607, 43962170, 44573819, 46638199, 47494132, 47742352]",35
55.68922018240818,12.581236649014048,5297773.4627688285,1817253.7236381352,2563.201123595361,"[13104835, 16582945, 43860216]",3
55.693399364603,12.580464405127247,5298373.4627688285,1817253.7236381352,2954.6573405389195,"[1207818, 4286791, 6148643, 22415204, 39009798]",5
55.69757826942483,12.579692141817132,5298973.4627688285,1817253.7236381352,3407.345007480241,"[792378, 976307, 1211696, 1975419, 3247323, 3413146, 3778567, 4101624, 4443488, 4618491, 5178312, 5689602, 6384930, 6866035, 9342720, 13374397, 13936972, 13945310, 13948779, 14191727, 15854371, 18072748, 22414653, 23558843, 25838169, 26027942, 26054991, 26450010, 27865214, 29787260, 31900341, 35760183, 36088818, 37071649, 41793337, 42604903, 44009863]",37
55.7017568968707,12.578919859101243,5299573.4627688285,1817253.7236381352,3900.000000000067,"[514666, 517272, 957261, 3411977, 4635064, 4650890, 5566423, 5987669, 7305407, 10951553, 12184038, 14028459, 14819940, 16058097, 22257133, 23225198, 23355357, 24656698, 26242134, 26544430, 26742987, 28348481, 32626280, 32979526, 34551988, 34561538, 38247402, 42635059, 44102023, 44190130, 45986496, 46118285, 46619664, 47877714]",34
55.70593524693761,12.578147556997118,5300173.4627688285,1817253.7236381352,4419.275958796929,"[5986379, 6703920, 6722461, 8853746, 10495038, 10727389, 11952878, 15350654, 15825827, 20965816, 26808206, 27216574, 27533797, 27852314, 28449424, 29277616, 31296376, 33003066, 33673979, 37790236, 38446984, 39382381, 39881913, 39966084, 41657810, 44162903, 44163893, 44192137, 45049050, 46773565, 46896553, 47199292, 48147544]",33
55.710113319622614,12.577375235522295,5300773.4627688285,1817253.7236381352,4956.813492557544,"[11952917, 13593031, 13918945, 15426030, 18088205, 19058404, 20672521, 20964688, 26742695, 28873827, 32435794, 35144901, 36154815, 37982886, 40074607, 40386496, 40716557, 41971062, 42166971, 42919216, 43663530, 43713682, 44137373, 48293978]",24
55.714291114922744,12.576602894694302,5301373.4627688285,1817253.7236381352,5507.267925205793,"[647682, 1055611, 3801577, 13973247, 16802923, 17675348, 26742748, 27432571, 31343847, 32755955, 34221940, 35540603, 35543420, 35872507, 38974431, 39741799]",16
55.64182043875634,12.593673789246662,5290873.4627688285,1817773.3388804058,5992.4953066314465,[19094862],1
55.646002825762274,12.592901544919947,5291473.4627688285,1817773.3388804058,5458.021619598067,"[1277810, 4820890, 12223602, 14446735, 16599147, 20247922, 20515085, 25476656, 32333272, 37325836]",10
55.6501849354144,12.592129280963592,5292073.4627688285,1817773.3388804058,4938.623289946289,"[7428338, 20986285, 23159980, 42183235]",4
55.6543667677097,12.59135699739518,5292673.4627688285,1817773.3388804058,4439.5945760846125,"[34977342, 37378595, 37575772, 46704960]",4
55.65854832264514,12.590584694232277,5293273.4627688285,1817773.3388804058,3968.6269665968744,"[3966241, 32756404]",2
55.66272960021765,12.589812371492469,5293873.4627688285,1817773.3388804058,3536.9478367654656,[24703294],1
55.66691060042422,12.58904002919331,5294473.4627688285,1817773.3388804058,3160.6961258558067,[0],0
55.67109132326182,12.588267667352365,5295073.4627688285,1817773.3388804058,2861.8176042508208,"[527702, 1239553, 1577888, 3579856, 5096710, 5994282, 6434714, 7305086, 9192682, 10866325, 12952241, 17665882, 18317520, 22298781, 24261855, 24409639, 26742735, 26742739, 26743436, 31139486, 31143428, 32127830, 34781918, 34797345, 36909233, 41260148, 44048415, 44135487, 45051243, 45146971, 46107081, 46871314]",32
55.67527176872742,12.587495285987206,5295673.4627688285,1817773.3388804058,2666.458325194659,"[504051, 866427, 18831384, 28210163, 31137687, 31632349, 32136314, 40442039, 40694950, 42106576]",10
55.679451936818026,12.586722885115394,5296273.4627688285,1817773.3388804058,2598.0762113532983,"[965131, 2025336, 2320048, 10372242, 10822345, 13823689, 23341763, 23759510, 23774758, 29024685, 30084581, 32955518, 35941711, 37028328, 37675621, 39680207, 40862232, 43591725, 43953841]",19
55.683631827530625,12.585950464754474,5296873.4627688285,1817773.3388804058,2666.458325194659,"[1405739, 2384738, 2626778, 2871005, 4003584, 4256478, 5846683, 7360815, 8199149, 8454759, 10188144, 11256837, 12444502, 13158430, 18918739, 19638875, 19826634, 24706082, 26323266, 26742973, 27915769, 29507163, 29555970, 29670265, 30052106, 32119623, 34333444, 34644395, 34896055, 36593579, 36896838, 36929652, 37455794, 37482593, 37549441, 37775407, 38589294, 39514980, 40277402, 41686225, 44124835, 45114764, 45704823]",43
55.68781144086221,12.585178024922016,5297473.4627688285,1817773.3388804058,2861.8176042508208,"[1227050, 1278386, 1843185, 1983456, 2618502, 5311435, 7724837, 8551385, 9637086, 12129506, 14139778, 20907750, 21996703, 25348263, 25964239, 26096017, 26112394, 26742733, 31245508, 32303490, 33421604, 35679922, 36258991, 36716218, 41165975, 42227274, 43996476, 44641476]",28
55.6919907768098,12.584405565635562,5298073.4627688285,1817773.3388804058,3160.6961258558067,"[4755853, 13173068, 41282654, 43836944]",4
55.6961698353704,12.58363308691267,5298673.4627688285,1817773.3388804058,3536.9478367654656,"[557707, 629306, 1252168, 2903752, 3403166, 3846647, 13885551, 14288581, 15836354, 17103817, 19649502, 19978674, 24576606, 24590690, 25252715, 29212114, 29770853, 30173818, 30299453, 31261234, 31396326, 33126589, 37378110, 39919908, 40724765, 44440776]",26
55.70034861654103,12.582860588770878,5299273.4627688285,1817773.3388804058,3968.6269665968744,"[1197867, 1208976, 2210013, 2428526, 2607452, 2727559, 3690380, 4586122, 4626015, 5321852, 5822451, 6775585, 6873984, 7028578, 10397199, 15348037, 18358275, 19786827, 21138156, 21186595, 21890267, 25995913, 26727085, 29616404, 32350278, 33616328, 34784389, 35480760, 35738938, 36796314, 36860305, 37392592, 38020341, 38393865, 42618453, 43888075]",36
55.704527120318716,12.582088071227743,5299873.4627688285,1817773.3388804058,4439.5945760846125,"[789211, 2357782, 3705093, 5138936, 5246221, 6487884, 8026545, 10723064, 11388010, 14543214, 14855436, 15599696, 18238100, 18759187, 19128667, 19684203, 19783212, 20280383, 20291936, 20593955, 21299559, 21523040, 21891213, 23493204, 24828512, 26089043, 26743154, 27277459, 28057934, 28408362, 32130320, 35734716, 35761129, 36025149, 36293279, 36407589, 37345220, 38443674, 38618361, 39326704, 40116065, 42556653, 43878350, 45191539, 46887425]",45
55.70870534670049,12.581315534300792,5300473.4627688285,1817773.3388804058,4938.623289946289,"[555145, 1143581, 1281470, 1363964, 3222737, 6061172, 7261741, 11058494, 13259195, 13400905, 14399271, 17957892, 18938506, 20029914, 26051310, 30902556, 31508710, 34336578, 35463293, 35800577, 37847039, 38261144, 39829706, 40608454, 40841116, 43678415, 44024994, 47473254]",28
55.7128832956834,12.580542978007575,5301073.4627688285,1817773.3388804058,5458.021619598067,"[28686914, 30419235, 40327697]",3
55.71706096726447,12.579770402365618,5301673.4627688285,1817773.3388804058,5992.4953066314465,"[40278444, 48188622]",2
55.64459266936459,12.59684525724884,5291173.4627688285,1818292.9541226765,5977.45765355142,"[2480731, 4723947, 8246059, 30751423, 45078111]",5
55.648774932926464,12.596072778029614,5291773.4627688285,1818292.9541226765,5474.486277268438,"[6141159, 37866993]",2
55.65295691911751,12.595300279185134,5292373.4627688285,1818292.9541226765,4992.995093128016,[18884984],1
55.65713862793468,12.59452776073297,5292973.4627688285,1818292.9541226765,4539.823785126516,[25170470],1
55.66132005937494,12.593755222690708,5293573.4627688285,1818292.9541226765,4124.3181254603105,"[7139250, 9465744, 9740640, 11246996, 14531804, 21073816, 29936998, 29949914, 35763169]",9
55.66550121343525,12.592982665075917,5294173.4627688285,1818292.9541226765,3758.9892258425602,"[1094198, 18487994, 26547192, 30148649, 31251352, 31581474, 31842192, 32934307, 47069603]",9
55.6696820901126,12.592210087906182,5294773.4627688285,1818292.9541226765,3459.7687784013037,"[598936, 935417, 1058983, 1371670, 1645230, 1791791, 2147342, 2865832, 4698517, 5068454, 5486840, 5784125, 8382056, 13885787, 17127599, 19215612, 19310622, 19376869, 19717191, 21303804, 23319722, 23617910, 26742725, 26742745, 26742967, 26743201, 26893517, 32862810, 33057055, 35967379, 37477332, 40391333, 40534600]",33
55.67386268940396,12.59143749119905,5295373.4627688285,1818292.9541226765,3244.9961479176595,"[143230, 620427, 678372, 1311110, 1606435, 2090976, 2725075, 3845622, 5326654, 6708137, 6797919, 9694568, 11563962, 12033517, 13736969, 13935337, 18327950, 20668892, 22964115, 24903582, 25200891, 26742983, 26743455, 31134927, 31138157, 31138976, 31164060, 33332545, 34566423, 35378352, 35796373, 36978287, 37008642, 38009756, 38083040, 38390798, 40995902, 41741807, 43734471, 47022711, 47024799]",41
55.678043011306315,12.590664874972113,5295973.4627688285,1818292.9541226765,3132.091952673237,"[489151, 1282781, 1382160, 1414254, 2029595, 4721348, 6320660, 8398889, 10539762, 11143564, 13824294, 16013289, 16612966, 17948677, 18532660, 19340650, 20059432, 21405385, 23361508, 24868140, 25389214, 26742969, 29301057, 31437606, 35643033, 35958478, 39761587, 39870073, 40442051, 40442071, 41709476, 42105592, 42367282, 42367300, 42414433, 42476613, 42476621, 43094828, 43923475, 44228989, 44244532, 46009641, 46419868]",43
55.68222305581666,12.589892239242916,5296573.4627688285,1818292.9541226765,3132.091952673237,"[3034667, 9273342, 9848641, 10647239, 13820647, 14216332, 18893632, 19169699, 20534800, 21435989, 26743454, 26861850, 28148021, 28210964, 28979776, 33347207, 35328285, 36689370, 41311453, 41529100, 43238181, 45137661, 46004764, 46332269, 46862654, 47359047]",26
55.686402822931996,12.589119584029033,5297173.4627688285,1818292.9541226765,3244.9961479176595,"[429897, 645357, 691317, 1394879, 2616487, 2961973, 3065491, 3568611, 4547693, 5264840, 5848077, 6650991, 7991735, 12786674, 14298999, 14507458, 15676896, 16122707, 19167111, 19708242, 20050583, 21380554, 23498317, 23878067, 23979301, 24528181, 24728875, 25200896, 25536023, 26356470, 26406820, 26742714, 26742727, 26742742, 26743156, 26743416, 26743419, 26743442, 26743697, 26939085, 27506692, 30195491, 30195776, 30306298, 31725671, 31892588, 32081146, 32084607, 32792262, 34715164, 34951606, 35250183, 35410033, 36107448, 38158622, 39660236, 39998453, 40526942, 41100678, 41952440, 42366802, 42802227, 43763238, 44073336, 45819661]",65
55.69058231264933,12.588346909348015,5297773.4627688285,1818292.9541226765,3459.7687784013037,"[3323785, 3336629]",2
55.694761524965685,12.58757421521742,5298373.4627688285,1818292.9541226765,3758.9892258425602,"[6361175, 13784674, 14247436]",3
55.69894045987806,12.586801501654806,5298973.4627688285,1818292.9541226765,4124.3181254603105,"[539476, 1440840, 1579781, 2779958, 3091886, 3637482, 4601144, 4821928, 5655488, 5687520, 6324256, 6422491, 7894660, 7934468, 8287293, 9253274, 9643320, 10625592, 10746905, 11823292, 11877577, 12047208, 14208030, 16960836, 17364292, 18870782, 20241799, 20893496, 22168917, 23724522, 23890402, 26075221, 26177042, 26742734, 28077292, 29478989, 32491527, 34383789, 35016481, 35150351, 35326947, 36292367, 39067648, 40298395, 40726666, 41456375, 42531329, 43369406, 43840317, 43859394, 44127685, 44482063, 47204647, 47223355]",54
55.70311911738349,12.586028768677716,5299573.4627688285,1818292.9541226765,4539.823785126516,"[695657, 1577506, 2617133, 2964189, 3280956, 4075373, 4216373, 4534671, 5311885, 7288103, 7858177, 11488892, 12421931, 12889678, 13408800, 17174512, 18130556, 19943552, 20205416, 22117807, 23616685, 23720651, 24394055, 25200894, 25503371, 26329638, 27649685, 29353632, 34850812, 35027484, 35679391, 35777802, 36214667, 36436230, 36467084, 37007849, 37192601, 37738578, 40770462, 41105559, 41148641, 41558847, 41578951, 44072376, 44126415, 45360419, 45841864, 48180652]",48
55.707297497479,12.585256016303703,5300173.4627688285,1818292.9541226765,4992.995093128016,"[711746, 2205551, 4790980, 4954057, 5150952, 5151139, 6343165, 8192221, 8331285, 8682360, 10693032, 11470265, 15402878, 17414675, 18697143, 18761026, 19005011, 19025944, 19066973, 20317876, 20611128, 25659711, 26323930, 28049067, 29362923, 30288159, 32126191, 33420759, 35562235, 35817943, 36655196, 38741422, 40852000, 41515427, 41708011, 41850327, 41924223, 42215185, 42262657, 42499393, 43781488, 43866042, 44037948, 44189824, 44193220, 44296214, 45210185, 45946384, 46366293]",49
55.711475600161634,12.584483244550315,5300773.4627688285,1818292.9541226765,5474.486277268438,"[7893304, 18128765, 43904787]",3
55.71565342542844,12.583710453435087,5301373.4627688285,1818292.9541226765,5977.45765355142,[0],0
55.651547194001914,12.599243744121546,5292073.4627688285,1818812.5693649473,5556.077753235746,"[36342193, 39950262]",2
55.65572905671787,12.598471010385241,5292673.4627688285,1818812.5693649473,5117.616632769709,"[15038112, 37151461, 40001859, 44102358, 45432684, 45954337, 48133196]",7
55.6599106420429,12.597698257045652,5293273.4627688285,1818812.5693649473,4714.870093650638,"[32076992, 35934849, 40272970]",3
55.664091949973994,12.596925484120348,5293873.4627688285,1818812.5693649473,4357.75171390032,"[356861, 2003181, 2626050, 5088353, 5983958, 10937113, 15577448, 17519430, 18401282, 18609367, 20766077, 21023562, 22977638, 23659930, 23708710, 24191195, 26225870, 26831517, 26974796, 26977124, 28114788, 28485469, 30121205, 32096500, 33300925, 33784395, 34339164, 36073929, 36098811, 44028769, 44126212, 44298790]",32
55.66827298050811,12.596152691626914,5294473.4627688285,1818812.5693649473,4058.32477754075,"[2981820, 4392389, 9625136, 13912082, 25043549, 27692572, 33607751, 35215509, 35572356, 36476861, 38870444, 39578646, 41522390, 41900368, 43652042, 46592215]",16
55.672453733642236,12.595379879582927,5295073.4627688285,1818812.5693649473,3830.143600441265,"[701068, 758243, 1720085, 5783790, 6458014, 6866377, 8175168, 12383533, 12947491, 13793092, 19403081, 19551447, 20473889, 24037015, 24341267, 24472766, 25250902, 27649775, 30198139, 31281504, 31396863, 32011252, 32437879, 34131037, 34236196, 34243246, 35211608, 35276279, 35752559, 35843959, 36656565, 43110289, 43617930, 43933499, 46770467]",35
55.67663420937335,12.594607048005956,5295673.4627688285,1818812.5693649473,3686.461718233512,"[2561650, 3268999, 8234588, 8725789, 9524283, 11708431, 19503038, 28800757, 30499223, 40133399, 42344254, 46288960]",12
55.68081440769845,12.593834196913575,5296273.4627688285,1818812.5693649473,3637.306695894804,"[198448, 1425940, 1932695, 2332122, 13669539, 20237789, 23724962, 25956544, 29505077, 32880945, 35699272, 36143774, 37182790, 40166913, 41332844, 46009153, 46009778, 46446795]",18
55.684994328614536,12.593061326323353,5296873.4627688285,1818812.5693649473,3686.461718233512,"[1099290, 14737946, 14921946, 16022208, 19079727, 21465031, 25390179, 26742732, 30195936, 34306694, 36780015, 38482485, 39022803, 40101905, 40589596, 41951407, 43951917]",17
55.68917397211862,12.592288436252854,5297473.4627688285,1818812.5693649473,3830.143600441265,"[582662, 7608068, 26742955, 31488751, 33029804, 36460310]",6
55.69335333820769,12.59151552671964,5298073.4627688285,1818812.5693649473,4058.32477754075,[0],0
55.697532426878794,12.590742597741272,5298673.4627688285,1818812.5693649473,4357.75171390032,"[1878554, 4290466, 9054276, 12123238, 13347266, 17941225, 18486896, 23573285, 26743428, 29644892, 30014369, 30793594, 31276963, 36967953, 41362405, 43164167, 43205600, 43991302]",18
55.70171123812894,12.589969649335307,5299273.4627688285,1818812.5693649473,4714.870093650638,"[500530, 3069667, 6181515, 6882379, 9382880, 10668134, 12622844, 13089109, 14609631, 15491031, 16297813, 19607043, 19653988, 20987154, 22995325, 25152376, 26588627, 28558748, 34108053, 34266398, 34616841, 38744900, 39717213, 40813884, 41613124, 44720375, 46542865, 47223349, 48218094]",29
55.705889771955164,12.589196681519297,5299873.4627688285,1818812.5693649473,5117.616632769709,"[1151512, 3547712, 4506922, 4776117, 5358969, 9890921, 11424441, 11954449, 13918033, 14798332, 15749298, 18969892, 19352252, 23617529, 24322031, 24765642, 24793142, 24814697, 25971235, 28559169, 29656263, 31069675, 34989875, 35123390, 35896381, 36270131, 36796121, 38601833, 38722121, 38787712, 39184348, 42353029, 42353970, 43661766, 45563962, 46824781, 46831269]",37
55.7100680283545,12.588423694310796,5300473.4627688285,1818812.5693649473,5556.077753235746,"[7823168, 9355226, 13159555, 19597978, 26743459, 36728459, 43186756]",7
55.65431960899168,12.602414443177354,5292373.4627688285,1819332.1846072178,5700.000000000014,"[1335715, 9103185, 12927204, 20225407, 23919826, 27082646, 37117737, 42969280, 43794609, 44351836, 45187614, 48191213, 48205354, 48206733]",14
55.65850134821853,12.601641474545549,5292973.4627688285,1819332.1846072178,5307.5418038862545,"[2007532, 2365927, 2388896, 2765999, 3175353, 3960092, 5398401, 10328844, 13077518, 14438966, 18017925, 33151313, 34267661, 34387740, 37906423, 43837316, 48092890, 48093259]",18
55.66268281003743,12.600868486314843,5293573.4627688285,1819332.1846072178,4956.813492557507,"[603347, 1191986, 1294117, 1646651, 5679409, 6833059, 7258234, 7746152, 8280613, 12180986, 14879491, 14891380, 16378183, 16877163, 18109973, 19470146, 20575691, 21374457, 24280399, 24772352, 27037848, 34430383, 34434683, 35573208, 35591138, 35868417, 38812612, 39076294, 40645318, 43574190, 44469468, 45417224]",32
55.666863994445336,12.600095478502826,5294173.4627688285,1819332.1846072178,4657.252408878024,"[345187, 489563, 7089500, 9106771, 21472336, 23105676, 26116747, 26743210, 29347661, 30814280, 39012290, 39332624, 39814810, 42535134, 48145524]",15
55.67104490143925,12.599322451127081,5294773.4627688285,1819332.1846072178,4419.275958796888,[0],0
55.67522553101614,12.598549404205185,5295373.4627688285,1819332.1846072178,4253.234063627366,"[330243, 812320, 819027, 1505549, 2323907, 2360083, 2409442, 2873505, 3389870, 4699077, 4961533, 5250167, 5809764, 5966886, 7557155, 7640717, 7766105, 7906719, 12785037, 13242473, 13383061, 14037039, 16874928, 18317736, 18765570, 19669314, 21248193, 22743150, 23089213, 26742746, 27658121, 30307786, 31384504, 32624004, 32730444, 34668856, 36039744, 36254287, 36866837, 37817693, 38578757, 39409930, 39463808, 39694795, 39810190, 41499879, 44031726, 44484469, 44569493, 46045665]",50
55.679405883173004,12.597776337754716,5295973.4627688285,1819332.1846072178,4167.73319683496,[8825706],1
55.68358595790684,12.597003251793247,5296573.4627688285,1819332.1846072178,4167.73319683496,[504029],1
55.68776575521466,12.59623014633835,5297173.4627688285,1819332.1846072178,4253.234063627366,"[1816543, 13588458, 13856583, 13889648, 13968324, 23776828, 25003165, 25254195, 25256638, 25320951, 25374280, 25438029, 32878294, 34458656, 34484159, 38901113]",16
55.69194527509347,12.595457021407597,5297773.4627688285,1819332.1846072178,4419.275958796888,[0],0
55.696124517540284,12.594683877018552,5298373.4627688285,1819332.1846072178,4657.252408878024,"[16994980, 18641693, 18727579, 22805732, 31873695, 36664566, 42598227]",7
55.70030348255212,12.593910713188777,5298973.4627688285,1819332.1846072178,4956.813492557507,"[13351368, 18218584, 18834026, 19743527, 21124815, 29126986, 35851952, 36127410, 36468787, 36908858, 38896458, 42085792, 43545939, 46956179, 47405423]",15
55.70448217012603,12.593137529935838,5299573.4627688285,1819332.1846072178,5307.5418038862545,"[25534905, 35245488, 38099469, 38959743]",4
55.70866058025903,12.59236432727729,5300173.4627688285,1819332.1846072178,5700.000000000014,"[13372326, 13973038, 17750519, 28075143, 33843645, 35091265, 38301124, 38442054, 38608388, 40900227, 41597234, 41698095, 44395498]",13
55.65709217789877,12.605584875178657,5292673.4627688285,1819851.7998494885,5901.694671871886,"[3131483, 5704581, 13405473, 15862390, 15865259, 17390281, 35142855, 43975658]",8
55.66127379362252,12.60481167164767,5293273.4627688285,1819851.7998494885,5556.0777532357315,"[264220, 1333993, 1664593, 2558642, 3357093, 3394494, 3965741, 5323217, 6284950, 9037095, 10406326, 14374360, 15702526, 18582325, 21687080, 25717120, 25956995, 36436545, 37028924, 39996818, 40448702, 41072558, 42065193, 42372515, 43775927, 43963025, 44304041, 47537100]",28
55.665455131921256,12.60403844852218,5293873.4627688285,1819851.7998494885,5256.424640380666,"[1043447, 1343696, 1637888, 3593302, 4414421, 5816646, 9084500, 12206801, 12802700, 13566916, 16167530, 28485041, 36232615, 36305771, 36332656, 37487449, 38660797, 39595997, 39787770, 41513485, 42553133, 44075630, 45115301]",23
55.669636192791984,12.603265205819781,5294473.4627688285,1819851.7998494885,5010.987926547121,[0],0
55.67381697623168,12.602491943558059,5295073.4627688285,1819851.7998494885,4828.043081829429,[8249142],1
55.677997482237316,12.601718661754592,5295673.4627688285,1819851.7998494885,4714.87009365062,"[16991100, 26172939, 37877917]",3
55.682177710805924,12.60094536042697,5296273.4627688285,1819851.7998494885,4676.537180436077,[12091145],1
55.68635766193448,12.600172039592763,5296873.4627688285,1819851.7998494885,4714.87009365062,[0],0
55.69053733562002,12.599398699269555,5297473.4627688285,1819851.7998494885,4828.043081829429,[0],0
55.694716731859536,12.59862533947491,5298073.4627688285,1819851.7998494885,5010.987926547121,[39714104],1
55.69889585065006,12.597851960226404,5298673.4627688285,1819851.7998494885,5256.424640380666,[0],0
55.70307469198863,12.597078561541604,5299273.4627688285,1819851.7998494885,5556.0777532357315,[0],0
55.707253255872274,12.596305143438075,5299873.4627688285,1819851.7998494885,5901.694671871886,"[14080560, 16918907, 17009290, 19303682, 25209942, 35018096, 43507898, 44259468, 47419015]",9
55.66404639293287,12.607981601673224,5293573.4627688285,1820371.4150917593,5855.766388783116,"[2530780, 4057395, 6898141, 10025908, 11450848, 13544720, 13989087, 14368011, 18309265, 26346664, 30261978, 31214918, 31547201, 32156354, 33681331, 33983248, 35554903, 36481094, 42776968, 43598370, 44799516, 45388748, 45391940, 45394567, 47434969, 47876525]",26
55.66822760769744,12.60720814364928,5294173.4627688285,1820371.4150917593,5604.462507681004,[22902791],1
55.67240854501695,12.606434666052833,5294773.4627688285,1820371.4150917593,5408.326913196173,[0],0
55.67658920488841,12.605661168901474,5295373.4627688285,1820371.4150917593,5273.518749374279,[719955],1
55.68076958730879,12.604887652212787,5295973.4627688285,1820371.4150917593,5204.805471869439,[10312274],1
55.68494969227511,12.604114116004363,5296573.4627688285,1820371.4150917593,5204.805471869439,[23164106],1
55.689129519784366,12.603340560293779,5297173.4627688285,1820371.4150917593,5273.518749374279,[0],0
55.69330906983359,12.602566985098619,5297773.4627688285,1820371.4150917593,5408.326913196173,[0],0
55.6974883424198,12.60179339043645,5298373.4627688285,1820371.4150917593,5604.462507681004,[40977793],1
55.70166733754002,12.60101977632486,5298973.4627688285,1820371.4150917593,5855.766388783116,[0],0
55.671000237368965,12.61037757167777,5294473.4627688285,1820891.0303340298,5992.495306631506,[0],0
55.67518105112325,12.609603859183611,5295073.4627688285,1820891.0303340298,5840.3767001795895,[0],0
55.67936158741244,12.608830127138962,5295673.4627688285,1820891.0303340298,5747.173218200459,[22743238],1
55.683541846233524,12.608056375561407,5296273.4627688285,1820891.0303340298,5715.767664977349,[0],0
55.68772182758353,12.607282604468537,5296873.4627688285,1820891.0303340298,5747.173218200459,[0],0
55.69190153145946,12.606508813877934,5297473.4627688285,1820891.0303340298,5840.3767001795895,[0],0
55.69608095785835,12.605735003807188,5298073.4627688285,1820891.0303340298,5992.495306631506,[0],0
